osm_idx,amap_name,pname,cityname,adname,business,address
('116.200',北京市峰志达建筑设备租赁有限责任公司职工宿舍,北京市,北京市,丰台区,,卢沟桥乡张仪村西路(经仪公园西北侧)
('116.200',建明里-北区,北京市,北京市,昌平区,,西关路与西环路交叉口西160米
('116.250',国通家园一区,北京市,北京市,昌平区,,昌崔路果岭小镇国通家园
('116.250',国通家园,北京市,北京市,昌平区,,昌崔路201号
('116.250',金隅·澜湾北区,北京市,北京市,昌平区,,介山北小街与龙水路交叉口东南120米
('116.250',丰台区大井中街九号院,北京市,北京市,丰台区,,大井中街与大井东街交叉口西60米
('116.250',金璟阳光苑南区,北京市,北京市,丰台区,,[]
('116.250',卢街宿舍,北京市,北京市,丰台区,,卢沟桥路与大井东街交叉口西北140米
('116.100',北斗山庄上岸寄宿区3区,北京市,北京市,房山区,,詹庄路与良坨路交叉口东北200米
('116.050',青龙湖路9号院,北京市,北京市,房山区,,青龙湖路青秀街6号院(原青龙湖社区)西北侧约110米
('116.050',锦湖逸居家园,北京市,北京市,房山区,,青龙湖镇青秀街1号院
('116.050',盛林路6号院,北京市,北京市,房山区,,南大街与阎吕路交叉口西南360米
('116.050',锦湖逸居家园3区,北京市,北京市,房山区,,盛林路6号院
('116.050',中南建设集团有限公司北京分公司良坨路项目宿舍,北京市,北京市,丰台区,,北京卢沟桥街道小屯路100号
('116.200',北京十中教师楼,北京市,北京市,丰台区,,长辛店南关东里2号
('116.000',观山雅舍,北京市,北京市,门头沟区,,东韭路1号
('116.000',观山雅舍,北京市,北京市,门头沟区,,东韭路1号
('116.050',田园新村二区,北京市,北京市,房山区,,田园路与房窑路交叉口东440米
('116.050',田家园新村小区南三区,北京市,北京市,房山区,,田园路与房窑路交叉口东440米
('116.100',梁府173号,北京市,北京市,门头沟区,,菜家府山上173号
('116.100',东老店楼,北京市,北京市,门头沟区,,三温路与菜家府路交叉口南460米
('116.100',新景家园,北京市,北京市,东城区,,崇文门西花市大街8号(新世界商场向东150米)
('116.100',新景家园,北京市,北京市,东城区,,崇文门西花市大街8号(新世界商场向东150米)
('116.100',安岚佳苑社区,北京市,北京市,海淀区,,通和路与杏林街交叉口南80米
('116.100',安河家园五里,北京市,北京市,海淀区,,正林街与通善路交叉口西北80米
('116.100',安河家园四里,北京市,北京市,海淀区,,正林街与通和路交叉口西北160米
('116.450',汇贤家园一里9号院,北京市,北京市,大兴区,,内官庄街与英贤路交叉口东北180米
('116.450',汇贤家园二里16号院,北京市,北京市,大兴区,,内官庄街与英贤路交叉口东南160米
('116.450',汇贤家园一里7号院,北京市,北京市,大兴区,,礼贤镇英贤路
('116.450',敬贤家园北里E区,北京市,北京市,大兴区,,英贤路与内官庄街交叉口西360米
('116.450',敬贤家园北里D区,北京市,北京市,大兴区,,知礼街与英贤路交叉口东北180米
('116.450',敬贤家园北里B区,北京市,北京市,大兴区,,祥礼街与英贤路交叉口东南140米
('116.450',敬贤家园中里D区,北京市,北京市,大兴区,,礼贤镇
('116.450',敬贤家园南里E区,北京市,北京市,大兴区,,青礼路2号
('116.450',敬贤家园中里,北京市,北京市,大兴区,,聚贤路与知礼街交叉口西100米
('116.450',敬贤家园南里C区,北京市,北京市,大兴区,,新达街与贺贤路交叉口东北120米
('116.450',敬贤家园南里A区,北京市,北京市,大兴区,,礼贤镇文礼路与贺贤路交叉口北50米路西
('116.400',葫芦河村203号,北京市,北京市,昌平区,,顺沙路70号
('116.100',温馨家园,北京市,北京市,西城区,,国家大剧院南门旁
('115.950',北关小区,北京市,北京市,延庆区,,延庆镇北关村
('115.950',王庄职工公寓,北京市,北京市,延庆区,,[]
('116.100',吴坊营,北京市,北京市,延庆区,,延琉路西北30米
('116.100',归乡·龙源里,北京市,北京市,延庆区,,上磨村团山路
('116.100',九号院,北京市,北京市,朝阳区,,柳芳北街9号(柳芳地铁站B东口步行330米)
('116.950',雷克艾森别墅,北京市,北京市,密云区,,羊娄路与密古路交叉口西北300米
('116.050',南老君堂1区,北京市,北京市,延庆区,,乡里乡居孟舍小院东侧240米
('115.950',文化活动中心,北京市,北京市,朝阳区,,国家体育场南路1号
('115.950',鸿福吉祥居,北京市,北京市,朝阳区,,黎各庄村83号
('115.950',军工路家属区,北京市,北京市,房山区,,石花洞路与半壁店村路交叉口东北240米
('116.750',移民小区,北京市,北京市,顺义区,,李木路与黄望路交叉口北120米
('116.750',乡村自建房,北京市,北京市,大兴区,,北辛庄路北辛庄村委会南100米路东
('116.600',北山东村健身小广场,北京市,北京市,大兴区,,采辛路与采万路交叉口西220米
('116.000',集装箱大院,北京市,北京市,通州区,,马大路与兴贸一街交叉口北180米
('116.000',化四小区,北京市,北京市,房山区,,京周路与顾八路交叉口东340米
('116.350',槐房东里41号院,北京市,北京市,丰台区,,槐房路与槐房南路交叉口南180米
('116.100',西南召村1区,北京市,北京市,房山区,,紫码路
('116.050',马匹营,北京市,北京市,延庆区,,双龙南路与西马路交叉口东280米
('116.050',后吕庄2区,北京市,北京市,延庆区,,一棵树民宿西北侧190米
('115.950',王平新村,北京市,北京市,门头沟区,,[]
('116.450',安然居,北京市,北京市,大兴区,,北店村后街9号
('116.450',北街3号,北京市,北京市,大兴区,,京福路926号
('116.450',枣林壹号院,北京市,北京市,大兴区,,高野路80号
('116.100',五洲康泰35号院,北京市,北京市,海淀区,,梁家园路与北安河路交叉口东180米
('116.100',青松公寓,北京市,北京市,海淀区,,聂各庄路与凤凰岭路交叉口东南40米
('115.950',鸿福家园,北京市,北京市,朝阳区,,定福庄路一号院鸿福家园
('115.950',芦苇小区,北京市,北京市,房山区,,岳琉路与北头街交叉口东南100米
('115.800',富民东区,北京市,北京市,房山区,,石水路与岩上路交叉口南280米
('115.950',中羊坊2区,北京市,北京市,延庆区,,北京白菜居别墅西北侧80米
('116.400',一东国际烫染会所,北京市,北京市,昌平区,,兴寿镇
('116.250',巴园子村西巷西四条1-2号,北京市,北京市,大兴区,,北臧村镇巴园子村西巷西四条1-2号
('116.550',环岛13号院,北京市,北京市,顺义区,,京密路与京沈路交叉口东南180米
('116.150',凯哥胡同·鑫号院,北京市,北京市,昌平区,,阳坊镇史家桥村
('116.600',高各庄火车站大院,北京市,北京市,怀柔区,,富密路与仓储中路交叉口西北500米
('116.050',小董村西里一号,北京市,北京市,房山区,,大件路与吴庄村南后街交叉口东南220米
('116.050',大董村一里,北京市,北京市,房山区,,007县道与京周路交叉口北420米
('115.950',中建一局横岭基地生活1区,北京市,北京市,房山区,,横岭路与房东路交叉口西北440米
('115.950',羊耳峪西区住宅小区,北京市,北京市,房山区,,东万路
('115.950',羊耳峪西区住宅小区,北京市,北京市,房山区,,东万路
('115.950',羊耳峪西区C组团,北京市,北京市,房山区,,双泉路与东风一巷交叉口东200米
('116.850',乐邸悠然,北京市,北京市,密云区,,石墙沟村123号
('116.150',宿美苑,北京市,北京市,延庆区,,永宁东西街与村线胡同交叉口西南160米
('116.150',宿美苑,北京市,北京市,延庆区,,永宁东西街与村线胡同交叉口西南160米
('115.950',西山小镇东区,北京市,北京市,房山区,,周口村路与京周路交叉口西南200米
('116.650',祥瑞居,北京市,北京市,怀柔区,,雁栖镇范各庄村99号
('116.750',金安楼,北京市,北京市,顺义区,,魏辛庄三街与李魏路交叉口东340米
('116.250',铁路宿舍,北京市,北京市,丰台区,,西四环南路辅路与丰台南路交叉口东南140米
('116.400',养护大院,北京市,北京市,朝阳区,,晨光东路与园星街交叉口东380米
('116.150',侯庄东区,北京市,北京市,房山区,,窦公路与西侯路交叉口西100米
('115.900',灰地社区,北京市,北京市,门头沟区,,大台街道
('116.050',静心雅园休闲别墅(北西路分店),北京市,北京市,延庆区,,井庄镇八家村54号
('116.450',智汇湖玺,北京市,北京市,昌平区,,顺沙路与大西路交叉口西南320米
('116.350',金石美家2号院,北京市,北京市,昌平区,,昌崔路与怀昌路交叉口西北120米
('116.350',西崔村教师家属区,北京市,北京市,昌平区,,崔村镇东崔村
('116.350',崔村教师楼,北京市,北京市,昌平区,,崔村镇西崔村
('116.500',福松漫居,北京市,北京市,怀柔区,,桥梓镇峪沟村69号院福松漫居
('116.800',乡墅自建房,北京市,北京市,密云区,,顺密路与荆栗园路交叉口东北240米
('117.050',西长峪别墅区,北京市,北京市,平谷区,,后西路与西长峪路交叉口东180米
('117.050',西长峪别墅区,北京市,北京市,平谷区,,后西路与西长峪路交叉口东180米
('116.800',钢结构别墅,北京市,北京市,房山区,,夏村路与房窑路交叉口东北480米
('115.950',簸箕营村一区,北京市,北京市,延庆区,,妫川路与小泥河路交叉口东北380米
('116.250',丁村前街16号,北京市,北京市,大兴区,,丁村街与丁村街南二条交叉口西320米
('116.750',荣华齐山康乐家园B区,北京市,北京市,海淀区,,八里庄
('116.350',雅阁庭院民宿(大兴机场店),北京市,北京市,大兴区,,礼贤镇东郏河街东三条7号
('116.350',鸿福吉祥居,北京市,北京市,朝阳区,,黎各庄村83号
('116.450',青魏路137号,北京市,北京市,大兴区,,青魏路137号
('116.500',大东新村B区,北京市,北京市,大兴区,,京福路与环镇路交叉口北220米
('115.850',北正村2区,北京市,北京市,房山区,,正北成林百货商店东侧80米
('115.850',政通人和,北京市,北京市,房山区,,房易路与东双路交叉口西北20米
('116.800',北京市顺义区下坡村西环路187号,北京市,北京市,顺义区,,西环路187号
('117.100',6号院,北京市,北京市,顺义区,,[]
('117.100',鸿福家园,北京市,北京市,朝阳区,,定福庄路一号院鸿福家园
('116.000',刘家堡村多媒体文化活动中心,北京市,北京市,延庆区,,大小路与北科路交叉口北480米
('116.000',博雅园小区,北京市,北京市,朝阳区,,农展馆南路向南朝阳公园以西200米
('116.300',知春路八十二号院,北京市,北京市,海淀区,,知春路82号(知春里地铁站D西南口步行210米)
('116.300',中关村街道知春东里社区,北京市,北京市,海淀区,,知春路73号(知春里地铁站D西南口步行370米)
('116.300',中关村东路105号院,北京市,北京市,海淀区,,中关村东路105-1号
('116.000',东方小区,北京市,北京市,门头沟区,,010县道
('115.900',恩典·港湾,北京市,北京市,房山区,,陈家台村正街123号
('116.300',瓜乡苑小区,北京市,北京市,大兴区,,庞各庄
('116.300',清顺路5号,北京市,北京市,大兴区,,清顺路与清和街交叉口东160米
('116.500',水商时代,北京市,北京市,顺义区,,拥军路一巷与北高路交叉口西60米
('116.500',国槐大街158号院,北京市,北京市,顺义区,,国槐大街248号
('116.650',福东街11号院,北京市,北京市,大兴区,,福东街与东和路交叉口东100米
('116.400',馨苑家园,北京市,北京市,延庆区,,四海村北街与四海村南街交叉口北100米
('116.300',中国.北京SOS儿童村,北京市,北京市,大兴区,,永华路6号
('116.750',中铁四局生活区,北京市,北京市,通州区,,白师路与师姑庄路交叉口东280米
('116.400',中一社区,北京市,北京市,西城区,,新风南里15号
('116.400',天通中苑二区,北京市,北京市,昌平区,,立汤路172号
('116.250',鸿福吉祥居,北京市,北京市,朝阳区,,黎各庄村83号
('116.250',南湖公寓,北京市,北京市,大兴区,,佟前路与厚富路交叉口南150米
('117.100',锦瑟上院酒店(平关路分店),北京市,北京市,平谷区,,镇罗营镇上镇后街137号
('116.100',大灰厂村火车站家属院,北京市,北京市,丰台区,,大灰厂东路北侧
('116.600',马卷村中街1号公寓,北京市,北京市,顺义区,,马卷村中街1号
('116.600',庙卷3号公寓,北京市,北京市,顺义区,,庙卷路与花园路交叉口西南200米
('116.600',中泽福园B区,北京市,北京市,通州区,,京洲南街9号院
('116.500',后街一号,北京市,北京市,顺义区,,董各庄村后街一号
('116.200',中关村医学工程转化中心2号院,北京市,北京市,海淀区,,[]
('116.650',寨辛庄村261号,北京市,北京市,通州区,,窑管路42号
('116.650',寨里村160号,北京市,北京市,通州区,,寨草路1号
('116.350',沙顺路110号院,北京市,北京市,昌平区,,顺沙路辅路与秦尚路交叉口南360米
('116.150',雪山别苑,北京市,北京市,昌平区,,农场路与北京湾东路交叉口北500米
('116.700',平家疃村2区,北京市,北京市,通州区,,平疃路与徐平路交叉口北220米
('116.000',北京悉昙酒店员工宿舍,北京市,北京市,门头沟区,,潭王路旧线与王坡路交叉口西北200米
('116.950',郝家庄新村,北京市,北京市,密云区,,巨霍路与铁矿路交叉口西140米
('116.950',云峰居,北京市,北京市,密云区,,史长峪村
('116.950',石峨村二区,北京市,北京市,密云区,,密云区石峨村三区27号
('117.050',鸿福家园,北京市,北京市,朝阳区,,定福庄路一号院鸿福家园
('115.900',周口店镇西庄温馨家园,北京市,北京市,房山区,,周胜路南40米
('115.900',长矿社区向阳家属楼,北京市,北京市,房山区,,周胜路与良各庄路交叉口西南360米
('116.150',前章村41号,北京市,北京市,海淀区,,前章村路41号
('116.700',北塘艺术区k28号院,北京市,北京市,通州区,,徐宋路
('116.700',沃德中心,北京市,北京市,通州区,,宋庄美术馆旁
('115.900',大王庄小区南区,北京市,北京市,延庆区,,康元路与康张路交叉口西220米
('115.900',康庄住宅小区三区,北京市,北京市,延庆区,,康庄镇地税所东20米西南方向130米
('115.900',里炮新社区,北京市,北京市,延庆区,,外石路西50米
('116.900',史东仪村乐民花园,北京市,北京市,通州区,,西尹路与候东仪路交叉口东200米
('116.700',黄家场村文化室,北京市,北京市,顺义区,,黄望路与顺密路交叉口东160米
('116.700',柳行村文化室,北京市,北京市,顺义区,,柳行路与柳欣一街交叉口东南140米
('116.400',东六条一号院,北京市,北京市,大兴区,,[]
('116.250',首青大院,北京市,北京市,大兴区,,[]
('116.400',新华公寓,北京市,北京市,朝阳区,,石槽南路与绿丰路交叉口北360米
('116.200',门头馨村南区,北京市,北京市,海淀区,,闵庄路南侧香山南路东侧
('115.650',祯日轩雅苑,北京市,北京市,房山区,,涞宝路与千榆路交叉口西北220米
('116.800',明月静馨,北京市,北京市,密云区,,同福客栈(密关路东)
('116.650',富豪小区,北京市,北京市,通州区,,壁富路与长城路交叉口南160米
('116.350',名苑雅居,北京市,北京市,朝阳区,,科荟路与科域路交叉口东南60米
('115.850',馨雨晓苑,北京市,北京市,延庆区,,康庄镇马营村二三巷4号
('116.550',一号公寓,北京市,北京市,大兴区,,[]
('116.550',北郎中花卉种植专业合作社,北京市,北京市,顺义区,,康庄大街与昌金路交叉口南20米
('116.700',后堤路14号,北京市,北京市,顺义区,,沙浮大街90号
('116.600',外郎营村216号,北京市,北京市,通州区,,铺大路1号
('116.600',周坡庄村甲19号,北京市,北京市,通州区,,周坡路北侧
('116.300',长城溪溪小镇2区,北京市,北京市,怀柔区,,353乡道北100米
('116.300',天宏山居37号院,北京市,北京市,怀柔区,,九渡河镇石湖峪37号
('116.450',祥龙物流家属楼,北京市,北京市,朝阳区,,红坊路与火道口东路交叉口东南340米
('115.850',榆林堡新村,北京市,北京市,延庆区,,西官路与城南街交叉口东北260米
('115.850',雅居公寓,北京市,北京市,朝阳区,,住邦2000商务中心5号楼6单元1层
('115.800',辉煌假日联排别墅区,北京市,北京市,延庆区,,[]
('117.300',鸿福吉祥居,北京市,北京市,朝阳区,,黎各庄村83号
('116.550',青荷里-东区,北京市,北京市,朝阳区,,荣晨路与青青北街交叉口西220米
('116.150',叶牧小苑,北京市,北京市,延庆区,,永四路四司村65号
('116.450',黄坎村733号院,北京市,北京市,怀柔区,,吉寺路
('116.600',吴各庄村173号公寓,北京市,北京市,通州区,,[]
('116.600',管头村311号,北京市,北京市,通州区,,窑管路311号
('116.550',空港米兰花园,北京市,北京市,顺义区,,天柱路甲23号
('116.800',天源别墅,北京市,北京市,西城区,,广安门南街36北门
('116.550',金盏金港南路河湾路327号,北京市,北京市,朝阳区,,金港南路1号
('116.650',满院幸福民宿(喇叭沟原始森林风景区店),北京市,北京市,怀柔区,,喇叭沟门满族乡对角沟门村109号
