primary,grade,district,amap_name,address,wgs_lng,wgs_lat,match
上方山景区,3A,房山,上方山,房山区,115.810736,39.681087,1
世界公园30景区,4A,丰台,世界公园,丰葆路158号(公园内),116.281753,39.809367,1
世界花卉大观园景区,4A,丰台,世界花卉大观园,南四环中路235号,116.347037,39.833978,1
东城区龙潭公园景区,4A,东城,龙潭公园,龙潭路16号,116.432056,39.878418,1
中华石雕艺术园景区,2A,房山,中华石雕艺术园,大石窝镇大石窝村房易路附近,115.816299,39.549179,1
中国人民抗日战争纪念馆景区,4A,丰台,中国人民抗日战争纪念馆,卢沟桥城内街101号,116.219877,39.850573,1
中国印刷博物馆景区,3A,大兴,中国印刷博物馆,兴华北路25号(清源路地铁站A西北口步行210米),116.325349,39.742172,1
中国地质博物馆,3A,西城,中国地质博物馆,西四羊肉胡同15号,116.365515,39.922002,1
中国紫檀博物馆,4A,朝阳,中国紫檀博物馆,建国路23号,116.520144,39.909538,1
中国航空博物馆旅游区,4A,昌平,中国航空博物馆(暂停营业),顺沙路99号,116.360389,40.183639,1
中央电视塔景区,4A,海淀,中央电视塔,西三环中路11号(玉渊潭公园对面),116.300927,39.917579,1
丰台区万芳亭公园景区,2A,丰台,万芳亭公园,南三环西路3号,116.369484,39.857206,1
丰台区中国园林博物馆景区,4A,丰台,中国园林博物馆,园博大道32号,116.170954,39.877697,1
丰台区北宫森林公园景区,4A,丰台,,,,,0
乐多港假日广场景区,4A,昌平,乐多港假日广场,南口路81号,116.18384,40.231623,1
乐谷银滩风景区,3A,房山,北京乐谷,十渡名胜风景区乐谷银滩,115.661912,39.616729,1
云梦仙境景区,3A,怀柔,云梦仙境,琉璃庙乡龙潭涧自然风景区内,116.688276,40.614259,1
京都第一瀑景区,2A,密云,北京京都第一瀑旅游度假村(清凉谷风景区店),北京市密云区石城镇柳棵峪村京都第一瀑度假村,116.779295,40.591561,1
仙居谷风景区,4A,密云,仙居谷自然风景区,太师屯镇令公村甲1号,117.23147,40.587461,1
仙栖洞景区,3A,房山,仙栖洞,张坊镇东关上村,115.742945,39.658273,1
八大处公园,4A,石景山,八大处公园,八大处路3号,116.178209,39.961392,1
八奇洞景区,4A,门头沟,八奇洞,潭柘寺平原村,116.023669,39.893253,1
八达岭,5A,,八达岭,延庆区,115.998064,40.356991,1
八达岭古长城景区,3A,延庆,八达岭古长城自然风景区,八达岭镇东沟村,115.97142,40.337743,1
八达岭水关长城景区,4A,延庆,八达岭水关长城,八达岭石佛寺村,116.032918,40.335133,1
兴隆公园景区,3A,朝阳,兴隆公园·湖东游乐场,高碑店乡兴隆庄甲8号兴隆郊野公园,116.528204,39.91106,1
前门大街景区,3A,东城,前门大街,前门西河沿街1号,116.397653,39.894749,1
北京,5A,,北京市,东城区,116.401145,39.902776,1
北京世园公园,4A,延庆,北京世园公园-卡塔尔园,延庆镇百康路1号北京世园国际旅游度假区内(东侧),115.954174,40.444798,1
北京丛海逸园景区,2A,平谷,丛海逸园,大华山镇小峪子村裕华西路83号(桃花海观光园对面),117.019482,40.256624,1
北京二锅头酒博物馆景区,3A,怀柔,北京二锅头酒博物馆(暂停开放),红星路1号,116.659251,40.32515,1
北京云峰山景区,3A,密云,云峰山自然风景区,不老屯镇,116.948259,40.585974,1
北京京西古道景区,3A,门头沟,京西古道风景区,妙峰山镇水峪嘴村(近马致远故居),116.043404,39.964807,1
北京冶仙塔旅游风景区,3A,密云,,,,,0
北京凤凰岭景区,4A,海淀,北京凤凰岭景区,苏家坨镇凤凰岭路19号,116.07863,40.105375,1
北京动物园景区,4A,西城,北京动物园,西直门外大街137号,116.330543,39.940776,1
北京十渡风景区,4A,房山,房山十渡风景名胜区,九渡大街9号,115.604673,39.639638,1
北京南海子麋鹿苑博物馆景区,3A,大兴,北京南海子麋鹿苑博物馆,旧宫镇旧忠路麋鹿苑内(西侧),116.452371,39.7761,1
北京历代帝王庙景区,2A,西城,北京历代帝王庙,阜成门内大街131号,116.361226,39.923422,1
北京双龙峡自然风景区,3A,门头沟,双龙峡自然风景区,斋堂镇火村,115.711359,39.949802,1
北京古崖居原始部落旅游区,3A,延庆,,,,,0
北京古御道生态旅游景区,3A,密云,古御道,北京市古北口镇古北口村,117.15914,40.682491,1
北京后花园风景区,1A,昌平,北京后花园(白虎涧)风景区,阳坊镇后二路,116.075367,40.139126,1
北京呀路古热带植物园景区,3A,大兴,呀路古热带植物园,长子营镇104国道朱庄北口东行200米路北,116.588135,39.658081,1
北京响水湖长城旅游区,3A,怀柔,响水湖长城自然风景区,渤海镇大榛峪村东200米,116.482701,40.465553,1
北京喇叭沟原始森林公园景区,3A,怀柔,北京喇叭沟原始森林公园,北喇叭沟门满族乡孙栅子(喇叭沟原始森林公园),116.510687,40.943102,1
北京园博园景区,4A,丰台,北京园博园,射击场路15号,116.184474,39.875393,1
北京国际鲜花港景区,4A,顺义,北京国际鲜花港,杨镇鲜花港南路9号(白马路北侧),116.790516,40.180409,1
北京圣泉山旅游风景区,3A,怀柔,北京圣泉山旅游风景区,,116.56999,40.372331,1
北京圣莲山旅游风景区,4A,房山,北京圣莲山风景区,史家营柳林水村,115.72428,39.839325,1
北京大观园,3A,西城,大观园,南菜园街12号,116.349782,39.870005,1
北京大觉寺景区,3A,海淀,大觉寺(公交站),633路;920路,116.110575,40.053035,1
北京天文馆景区,4A,西城,北京天文馆,西直门外大街138号,116.330675,39.935977,1
北京天门山旅游风景区,3A,密云,,,,,0
北京太平洋海底世界博览馆景区,3A,海淀,太平洋海底世界博览馆,西三环中路11号中央广播电视塔下,116.300177,39.917826,1
北京奥林匹克公园,5A,,北京奥林匹克公园,北辰东路15号(森林公园南门地铁站C东南口旁),116.386841,40.00852,1
北京密云云蒙山长城遗址公园旅游区,2A,密云,云蒙山长城遗址公园,水库西线公路127号,116.808743,40.531843,1
北京密云司马台长城景区,4A,密云,司马台长城旅游区,古北口镇司马台村北,117.280952,40.656775,1
北京密云桃源仙谷风景区,3A,密云,,,,,0
北京市东城区地坛公园景区,4A,东城,地坛公园,安定门外大街,116.408198,39.952374,1
北京市东城区青年湖公园景区,3A,东城,,,,,0
北京市中山公园景区,4A,东城,中山公园,中华路4号(天安门西侧),116.388164,39.909304,1
北京市丰台区丰台花园景区,2A,丰台,丰台花园,丰台镇西四环南路60号,116.281769,39.863286,1
北京市京西十八潭景区,3A,门头沟,京西十八潭(暂停开放),王平镇安家庄,115.902959,40.002275,1
北京市劳动人民文化宫景区,3A,东城,北京市劳动人民文化宫,东长安街天安门东侧,116.393761,39.909296,1
北京市北海公园旅游区,4A,西城,北海公园,文津街1号,116.385558,39.927373,1
北京市宣南文化博物馆景区,3A,西城,北京宣南文化博物馆,北京市广安门内街道长椿街9号(近宣武医院),116.358795,39.891448,1
北京市宣武艺园景区,3A,西城,宣武艺园,槐柏树街12号(近宣武医院、长椿街地铁站西南口),116.353046,39.893772,1
北京市密云云岫谷游猎自然风景区,2A,密云,云岫谷游猎自然风景区,新城子镇遥桥峪雾灵山脚下,117.377223,40.598909,1
北京市密云区云龙涧景区,3A,密云,,,,,0
北京市平谷区丫髻山景区,4A,平谷,丫髻山,平谷区,116.974968,40.271879,1
北京市平谷区湖洞水景区,2A,平谷,,,,,0
北京市延庆区双秀湖星谷景区,1A,延庆,,,,,0
北京市怀柔区九谷口自然风景区,3A,怀柔,九谷口自然风景区,怀北镇河防口村548号(近雁栖湖),116.642612,40.450625,1
北京市怀柔区生存岛新概念旅游基地景区,3A,怀柔,生存岛新概念旅游基地,北京生存岛实践基地,116.635423,40.363892,1
北京市怀柔区红螺寺景区,4A,怀柔,红螺寺,红螺东路2号,116.618885,40.38298,1
北京市房山世界地质公园博物馆景区,3A,房山,中国房山世界地质公园博物馆,长沟镇云居寺路与县道906交汇处,115.868135,39.583743,1
北京市房山区云居寺景区,4A,房山,云居寺,大石窝镇水头村,115.768294,39.607877,1
北京市房山区周口店遗址景区,4A,房山,,,,,0
北京市房山区石花洞景区,4A,房山,石花洞景区,河北镇南车营村,115.937413,39.796453,1
北京市房山区韩村河景区,3A,房山,韩村河,房山区,115.947913,39.60096,1
北京市昌平区南口镇艺麓园景区,3A,昌平,艺麓园,南口镇龙虎台村西G6辅路与南涧路交叉口处,116.144581,40.241583,1
北京市昌平虎峪自然风景区,2A,昌平,虎峪自然风景区,虎峪路6号,116.100409,40.323754,1
北京市景山公园景区,4A,西城,景山公园,景山西街44号,116.390305,39.924471,1
北京市朝阳区京城梨园景区,3A,朝阳,京城梨园,平房乡姚家园路与东五环路交汇处东南角,116.544929,39.932751,1
北京市朝阳区古塔公园景区,3A,朝阳,古塔公园,王四营乡马房寺,116.529474,39.877229,1
北京市朝阳区四得公园景区,3A,朝阳,四得公园,将台西路9号(将台西地铁站A口步行140米),116.468379,39.971044,1
北京市朝阳区团结湖公园景区,3A,朝阳,团结湖公园,团结湖南里路16号(呼家楼地铁站B东北口步行190米),116.458234,39.924418,1
北京市朝阳区大望京公园景区,3A,朝阳,大望京公园,东湖街道望京东路甲6号,116.48854,39.995626,1
北京市朝阳区庆丰公园景区,3A,朝阳,庆丰公园,东三环中路39号,116.457825,39.902088,1
北京市朝阳区日坛公园景区,3A,朝阳,日坛公园,朝外街道朝阳门外日坛北路6号,116.437601,39.914171,1
北京市朝阳区白鹿公园景区,3A,朝阳,白鹿公园,王四营乡白鹿司北街,116.548498,39.877222,1
北京市朝阳区红领巾公园景区,3A,朝阳,红领巾公园,后八里庄5号,116.485756,39.926054,1
北京市欢乐谷景区,4A,朝阳,北京欢乐谷,东四环小武基北路,116.488721,39.86612,1
北京市海淀百望山森林公园景区,3A,海淀,百望山森林公园,黑山扈北口19号,116.249587,40.02876,1
北京市玉渊潭公园景区,4A,海淀,玉渊潭公园,西三环中路10号,116.313815,39.915324,1
北京市留民营生态旅游景区,3A,大兴,北京留民营生态庄园,长子营镇留民营生态农场内(留民营路),116.568765,39.693785,1
北京市门头沟区戒台寺景区,4A,门头沟,戒台寺景区,永定镇马鞍山(近108国道),116.080213,39.869138,1
北京市门头沟区灵水景区,3A,门头沟,,,,,0
北京市陶然亭公园景区,4A,西城,陶然亭公园,太平街19号,116.375691,39.873103,1
北京市香山公园景区,4A,海淀,香山公园,香山买卖街40号,116.182605,39.988827,1
北京幽谷神潭自然风景区,3A,怀柔,幽谷神潭,怀北镇椴树岭村北黄土梁1号,116.672199,40.530373,1
北京延庆玉渡山风景区,2A,延庆,玉渡山风景区,张山营镇玉海路北1号,115.893033,40.530493,1
北京延庆百里山水画廊景区,4A,延庆,百里山水画廊,滦赤路,116.313524,40.699005,1
北京张裕爱斐堡国际酒庄旅游景区,4A,密云,北京张裕爱斐堡国际酒庄-游客接待中心,密三路与宁菜路交叉口北京张裕爱斐堡国际酒庄(西北角),116.894129,40.377083,1
北京房山区张坊宋辽古城景区,3A,房山,,,,,0
北京月坛公园,3A,西城,月坛公园,月坛北街甲6号,116.346032,39.915068,1
北京汽车博物馆景区,4A,丰台,北京汽车博物馆,南四环西路126号,116.295625,39.827682,1
北京河北村民俗园景区,3A,顺义,河北村民俗园文化艺术培训学校,南彩镇河北村东路12号河北村民俗文化体验园(西南角),116.720887,40.126001,1
北京海洋馆,4A,西城,,,,,0
北京湖广会馆大戏楼景区,3A,西城,北京湖广会馆大戏楼-湖广会馆,虎坊路3号(虎坊桥地铁站D西南口步行70米),116.377733,39.88779,1
北京焦庄户地道战遗址纪念馆景区,3A,顺义,北京焦庄户地道战遗址纪念馆,龙湾屯镇焦庄户村纪念馆路38号,116.863824,40.232646,1
北京瓜草地景区,2A,门头沟,瓜草地景区(暂停开放),王平镇,115.974683,39.951139,1
北京白草畔自然风景区,3A,房山,白草畔自然风景区,霞云岭乡四马台村,115.59752,39.808279,1
北京百瑞谷景区,3A,房山,百瑞谷,史家营乡曹家坊村北,115.634094,39.86075,1
北京百花山旅游景区,3A,房山,百花山,房山区,115.610509,39.856409,1
北京石景山游乐园景区,4A,石景山,石景山游乐园,石景山路25号,116.202563,39.91074,1
北京老舍茶馆景区,3A,西城,老舍茶馆(前门店),大栅栏街道前门西大街正阳市场3号楼,116.387075,39.898301,1
北京草莓博览园景区,3A,昌平,北京草莓博览园,安四路支线西侧,116.396585,40.195583,1
北京莱恩堡国际酒庄景区,3A,房山,北京莱恩堡国际酒庄,京深路6号,116.203793,39.785344,1
北京蟒山森林公园景区,3A,昌平,蟒山森林公园-山顶长廊,蟒山路2号蟒山国家森林公园内,116.288197,40.261931,1
北京西山国家森林公园,3A,海淀,北京西山国家森林公园,闵庄路与香山南路交叉口西100米,116.186936,39.973913,1
北京邑仕庄园国际酒庄景区,3A,密云,北京邑仕庄园国际酒庄有限公司,邑仕庄园正门旁,117.042128,40.484951,1
北京野生动物园景区,4A,大兴,北京野生动物园,榆垡镇万亩森林内,116.328583,39.495176,1
北京陶瓷艺术馆景区,3A,朝阳,北京陶瓷艺术馆,十八里店乡周庄小区20号院12号楼,116.471993,39.857492,1
北京雁栖湖景区,4A,怀柔,雁栖湖(暂停开放),雁水路3号,116.663441,40.393362,1
北京雾灵西峰景区,3A,密云,雾灵西峰景区,新城子镇沙滩村,117.355007,40.632646,1
北京青龙湖公园景区,3A,丰台,北京青龙湖公园,王佐镇怪村村西,116.082492,39.79546,1
北京韩美林艺术馆文化景区,4A,通州,,,,,0
北京顺义汉石桥湿地景区,3A,顺义,,,,,0
北京鹫峰森林公园景区,3A,海淀,北京鹫峰国家森林公园,苏家坨镇秀峰寺路5号,116.078872,40.055318,1
北京黄花城水长城旅游区,4A,怀柔,黄花城水长城,九渡河镇西水峪村,116.297717,40.411686,1
北京龙脉温泉景区,4A,昌平,龙脉温泉,龙脉温泉度假村内(南侧),116.393419,40.178544,1
北小河公园景区,3A,朝阳,北小河公园,师家坟村156号,116.44907,40.003707,1
十三陵林下经济体验园,2A,昌平,,,,,0
南宫旅游景区,4A,丰台,南宫五洲植物乐园,王佐镇南宫迎宾路1号(世界地热博览园内),116.148117,39.794188,1
南石洋大峡谷景区,3A,门头沟,南石洋大峡谷,雁翅镇马套村北300米北沟,115.787185,40.145115,1
南苑森林湿地公园,3A,丰台,南苑森林湿地公园,槐房路42号,116.372285,39.819031,1
国家植物园景区,4A,海淀,国家植物园,香泉环岛1号,116.204625,39.99679,1
圆明园遗址公园景区,5A,,圆明园遗址公园,清华西路28号,116.294787,40.005236,1
坡峰岭风景区,3A,房山,坡峰岭,周口店镇黄山店村西北,115.82895,39.702887,1
大岭沟猕猴桃谷风景区,2A,昌平,大岭沟猕猴桃谷风景区,十三陵大岭沟猕猴桃谷自然风景区,116.21875,40.368154,1
天坛公园,5A,,天坛公园,天坛东里甲1号,116.404591,39.880512,1
妙峰山风景区,3A,门头沟,妙峰山,门头沟区,116.013996,40.072345,1
孔庙和国子监博物馆景区,4A,东城,孔庙和国子监博物馆,东旺胡同30号,116.407635,39.945228,1
宋庆龄故居景区,3A,西城,宋庆龄故居西广场,后海北沿甲47号,116.375958,39.94404,1
定都阁景区,3A,门头沟,定都阁(暂停开放),潭柘寺镇定都峰上,116.049446,39.905261,1
密云玫瑰情园景区,3A,密云,密云玫瑰情园景区,,116.899296,40.34953,1
将府公园旅游景区,3A,朝阳,将府公园,东八间房村临甲10号,116.50755,39.975363,1
小汤山现代农业科技示范园景区,4A,昌平,北京小汤山现代农业科技示范园,温榆河滨水绿道北岸,116.42692,40.153787,1
居庸关长城景区,4A,昌平,居庸关长城,G6京藏高速216省道旁,116.066721,40.289741,1
平谷京东大峡谷旅游区,4A,平谷,京东大峡谷,山东庄镇鱼子山村,117.16369,40.244557,1
平谷区京东石林峡风景区,4A,平谷,京东石林峡旅游区,雕窝村73号,117.235062,40.260956,1
延庆区八达岭野生动物世界景区,3A,延庆,八达岭野生动物世界,京藏高速公路58号出口右转200米,115.990683,40.349925,1
延庆区龙庆峡旅游区,4A,延庆,,,,,0
怀柔青龙峡旅游区,4A,怀柔,北京怀柔青龙峡景区,怀北镇大水峪村北500米,116.675145,40.460548,1
恭王府景区,5A,,恭王府博物馆,前海西街17号,116.380073,39.935822,1
房山区没有共产党就没有新中国革命歌曲纪念馆景区,2A,房山,没有共产党就没有新中国革命歌曲纪念馆,霞云岭乡堂上村,115.578614,39.780017,1
抗日战争纪念雕塑园,3A,丰台,中国人民抗日战争纪念雕塑园,卢沟桥城南街77号,116.220768,39.847808,1
捧河湾自然风景区,3A,密云,,,,,0
故宫博物院,5A,,,,,,0
斯普瑞斯奧特萊斯旅游区,3A,朝阳,斯普瑞斯,金盏乡森林公园东1号,116.590396,40.010178,1
明十三陵景区,5A,,明十三陵景区,十三陵镇昌赤路,116.229656,40.279278,1
明城墙遗址公园,4A,东城,北京明城墙遗址公园,崇文门东大街9号,116.421678,39.899875,1
朝阳公园景区,4A,朝阳,朝阳公园,朝阳公园南路1号,116.476198,39.942818,1
檀谷景区,3A,门头沟,檀谷·慢闪公园,京潭中路与九峰路交叉口西南120米,116.04715,39.876802,1
清凉谷旅游风景区,3A,密云,清凉谷景区,清凉谷自然风景区1号入口,116.745646,40.625874,1
潭柘寺景区,4A,门头沟,潭柘寺,潭柘寺镇潭柘山下,116.024371,39.902129,1
爨柏景区,3A,门头沟,,,,,0
琉璃渠景区,3A,门头沟,琉璃渠(公交站),890路;890路六里桥区间;890路担礼区间;892路;929路;929路(木城涧);M11路;M16路;M20路;M22路;M30路;M3路;M4路;M5路;M6路;M7路,116.08615,39.968072,1
百泉山风景区,2A,怀柔,百泉山风景区,怀北镇椴树岭北台子1号,116.630756,40.484621,1
百花山自然风景区,3A,门头沟,,,,,0
皇家菜博物馆,3A,海淀,北京凯瑞御仙都皇家菜博物馆,西四环北路117号金四季购物中心F1层,116.264775,39.944473,1
石门山景区,3A,怀柔,石门山景区,怀北镇椴树岭村峪道河1号,116.656886,40.484156,1
碓臼石景区,3A,延庆,碓臼石景区,井庄镇碓臼石村村西,116.099914,40.366937,1
神堂峪自然风景区,2A,怀柔,神堂峪自然风景区,石片村1号,116.60593,40.437732,1
神泉峡景区,3A,门头沟,北京神泉峡景区,妙峰山镇炭厂村上苇甸水景区(近上苇甸村),115.968372,40.046876,1
稻香湖景区,2A,海淀,稻香湖公园,苏家坨稻香湖路28号,116.178235,40.090141,1
紫竹院公园景区,4A,海淀,紫竹院公园,中关村南大街35号,116.312961,39.941056,1
聚灵峡,3A,门头沟,聚灵峡(灵山古道)景区,清水镇洪水口村1号莲石路(阜石路)-门头沟双峪环岛-109国道-洪水口村,115.476415,39.992666,1
莲花池公园景区,2A,丰台,莲花池公园,西三环中路38号,116.309224,39.89201,1
蓝调庄园景区,3A,朝阳,蓝调庄园,金盏乡楼梓庄南1号,116.602129,39.96459,1
蜜蜂大世界景区,3A,密云,蜜蜂大世界,太师屯镇蜜蜂大世界,117.059612,40.496761,1
西藏文化博物馆景区,3A,朝阳,西藏文化博物馆,北四环东路131号,116.408455,39.987896,1
谷山村景区,4A,门头沟,谷山村景区,109国道西北70米,116.050853,39.991844,1
野鸭湖景区,4A,延庆,,,,,0
金中都公园景区,3A,西城,金中都公园,广安门南街64号,116.343569,39.870079,1
金水湖景区,3A,房山,霞云岭国家森林公园金水湖景区,霞云岭乡霞云岭村鸽子台水库,115.742849,39.736571,1
金海湖风景区,4A,平谷,北京金海湖风景区,金海湖镇坝前广场路1号,117.294606,40.179417,1
银山塔林风景区,4A,昌平,银山塔林景区,延寿镇西湖村银山塔林管理处,116.321285,40.318848,1
银狐洞景区,2A,房山,银狐洞,佛子庄乡下英水村,115.892723,39.797787,1
长寿山景区,3A,平谷,,,,,0
阳台山自然风景区,3A,海淀,阳台山自然风景区,苏家坨镇阳台山路西50米,116.097725,40.067184,1
静之湖度假区景区,3A,昌平,北京静之湖度假区,兴寿镇桃峪口,116.425979,40.253914,1
顺义区东江公园,3A,顺义,东江公园,南彩镇东江头东路,116.779141,40.163583,1
顺义奥林匹克水上公园,4A,顺义,顺义奥林匹克水上公园,白马路19号,116.68671,40.179336,1
颐和园,5A,,颐和园,新建宫门路19号,116.269129,39.998385,1
首都博物馆,4A,西城,首都博物馆,复兴门外大街16号,116.335901,39.905074,1
首钢工业文化旅游区,3A,石景山,,,,,0
马栏旅游景区,3A,门头沟,马栏(公交站),M18路,115.688271,39.936276,1
鹿世界主题园景区,2A,怀柔,北京鹿世界主题园(暂停开放),杨宋镇安乐村312号,116.695905,40.29369,1
黄芩仙谷景区,3A,门头沟,黄芩仙谷(暂停开放),斋柏路与一零九国道交叉口西斋堂镇爨柏景区入口,115.661797,39.96671,1
黑龙潭旅游区,4A,密云,北京黑龙潭自然风景区,西线公路8号,116.770203,40.563743,1
龙门生态园景区,3A,房山,龙门生态园景区,龙下路与龙下路桥交叉口西20米,115.893272,39.618334,1
