orig,primary,aliases,grade,district,year5a
八达岭—慕田峪长城旅游区,八达岭,慕田峪长城旅游区,5A,,2007
北京奥林匹克公园,北京奥林匹克公园,,5A,,2012
北京（通州）大运河文化旅游景区,北京,通州|大运河文化旅游景区,5A,,2024
圆明园遗址公园景区,圆明园遗址公园景区,,5A,,2019
天坛公园,天坛公园,,5A,,2007
恭王府景区,恭王府景区,,5A,,2012
故宫博物院,故宫博物院,,5A,,2007
明十三陵景区,明十三陵景区,,5A,,2011
颐和园,颐和园,,5A,,2007
世界公园30景区,世界公园30景区,,4A,丰台区,
世界花卉大观园景区,世界花卉大观园景区,,4A,丰台区,
东城区龙潭公园景区,东城区龙潭公园景区,,4A,东城区,
中国人民抗日战争纪念馆景区,中国人民抗日战争纪念馆景区,,4A,丰台区,
中国紫檀博物馆,中国紫檀博物馆,,4A,朝阳区,
中国航空博物馆旅游区,中国航空博物馆旅游区,,4A,昌平区,
中央电视塔景区,中央电视塔景区,,4A,海淀区,
丰台区中国园林博物馆景区,丰台区中国园林博物馆景区,,4A,丰台区,
丰台区北宫森林公园景区,丰台区北宫森林公园景区,,4A,丰台区,
乐多港假日广场景区,乐多港假日广场景区,,4A,昌平区,
仙居谷风景区,仙居谷风景区,,4A,密云区,
八大处公园,八大处公园,,4A,石景山区,
八奇洞景区,八奇洞景区,,4A,门头沟区,
八达岭水关长城景区,八达岭水关长城景区,,4A,延庆区,
北京世园公园,北京世园公园,,4A,延庆区,
北京凤凰岭景区,北京凤凰岭景区,,4A,海淀区,
北京动物园景区,北京动物园景区,,4A,西城区,
北京十渡风景区,北京十渡风景区,,4A,房山区,
北京园博园景区,北京园博园景区,,4A,丰台区,
北京国际鲜花港景区,北京国际鲜花港景区,,4A,顺义区,
北京圣莲山旅游风景区,北京圣莲山旅游风景区,,4A,房山区,
北京天文馆景区,北京天文馆景区,,4A,西城区,
北京密云司马台长城景区,北京密云司马台长城景区,,4A,密云区,
北京市东城区地坛公园景区,北京市东城区地坛公园景区,,4A,东城区,
北京市中山公园景区,北京市中山公园景区,,4A,东城区,
北京市北海公园旅游区,北京市北海公园旅游区,,4A,西城区,
北京市平谷区丫髻山景区,北京市平谷区丫髻山景区,,4A,平谷区,
北京市怀柔区红螺寺景区,北京市怀柔区红螺寺景区,,4A,怀柔区,
北京市房山区云居寺景区,北京市房山区云居寺景区,,4A,房山区,
北京市房山区周口店遗址景区,北京市房山区周口店遗址景区,,4A,房山区,
北京市房山区石花洞景区,北京市房山区石花洞景区,,4A,房山区,
北京市景山公园景区,北京市景山公园景区,,4A,西城区,
北京市欢乐谷景区,北京市欢乐谷景区,,4A,朝阳区,
北京市玉渊潭公园景区,北京市玉渊潭公园景区,,4A,海淀区,
北京市门头沟区戒台寺景区,北京市门头沟区戒台寺景区,,4A,门头沟区,
北京市陶然亭公园景区,北京市陶然亭公园景区,,4A,西城区,
北京市香山公园景区,北京市香山公园景区,,4A,海淀区,
北京延庆百里山水画廊景区,北京延庆百里山水画廊景区,,4A,延庆区,
北京张裕爱斐堡国际酒庄旅游景区,北京张裕爱斐堡国际酒庄旅游景区,,4A,密云区,
北京汽车博物馆景区,北京汽车博物馆景区,,4A,丰台区,
北京海洋馆,北京海洋馆,,4A,西城区,
北京石景山游乐园景区,北京石景山游乐园景区,,4A,石景山区,
北京野生动物园景区,北京野生动物园景区,,4A,大兴区,
北京雁栖湖景区,北京雁栖湖景区,,4A,怀柔区,
北京韩美林艺术馆文化景区,北京韩美林艺术馆文化景区,,4A,通州区,
北京黄花城水长城旅游区,北京黄花城水长城旅游区,,4A,怀柔区,
北京龙脉温泉景区,北京龙脉温泉景区,,4A,昌平区,
南宫旅游景区,南宫旅游景区,,4A,丰台区,
国家植物园景区,国家植物园景区,,4A,海淀区,
孔庙和国子监博物馆景区,孔庙和国子监博物馆景区,,4A,东城区,
小汤山现代农业科技示范园景区,小汤山现代农业科技示范园景区,,4A,昌平区,
居庸关长城景区,居庸关长城景区,,4A,昌平区,
平谷京东大峡谷旅游区,平谷京东大峡谷旅游区,,4A,平谷区,
平谷区京东石林峡风景区,平谷区京东石林峡风景区,,4A,平谷区,
延庆区龙庆峡旅游区,延庆区龙庆峡旅游区,,4A,延庆区,
怀柔青龙峡旅游区,怀柔青龙峡旅游区,,4A,怀柔区,
明城墙遗址公园,明城墙遗址公园,,4A,东城区,
朝阳公园景区,朝阳公园景区,,4A,朝阳区,
潭柘寺景区,潭柘寺景区,,4A,门头沟区,
紫竹院公园景区,紫竹院公园景区,,4A,海淀区,
谷山村景区,谷山村景区,,4A,门头沟区,
野鸭湖景区,野鸭湖景区,,4A,延庆区,
金海湖风景区,金海湖风景区,,4A,平谷区,
银山塔林风景区,银山塔林风景区,,4A,昌平区,
顺义奥林匹克水上公园,顺义奥林匹克水上公园,,4A,顺义区,
首都博物馆,首都博物馆,,4A,西城区,
黑龙潭旅游区,黑龙潭旅游区,,4A,密云区,
上方山景区,上方山景区,,3A,房山区,
中国印刷博物馆景区,中国印刷博物馆景区,,3A,大兴区,
中国地质博物馆,中国地质博物馆,,3A,西城区,
乐谷银滩风景区,乐谷银滩风景区,,3A,房山区,
云梦仙境景区,云梦仙境景区,,3A,怀柔区,
仙栖洞景区,仙栖洞景区,,3A,房山区,
八达岭古长城景区,八达岭古长城景区,,3A,延庆区,
兴隆公园景区,兴隆公园景区,,3A,朝阳区,
前门大街景区,前门大街景区,,3A,东城区,
北京二锅头酒博物馆景区,北京二锅头酒博物馆景区,,3A,怀柔区,
北京云峰山景区,北京云峰山景区,,3A,密云区,
北京京西古道景区,北京京西古道景区,,3A,门头沟区,
北京冶仙塔旅游风景区,北京冶仙塔旅游风景区,,3A,密云区,
北京南海子麋鹿苑博物馆景区,北京南海子麋鹿苑博物馆景区,,3A,大兴区,
北京双龙峡自然风景区,北京双龙峡自然风景区,,3A,门头沟区,
北京古崖居原始部落旅游区,北京古崖居原始部落旅游区,,3A,延庆区,
北京古御道生态旅游景区,北京古御道生态旅游景区,,3A,密云区,
北京呀路古热带植物园景区,北京呀路古热带植物园景区,,3A,大兴区,
北京响水湖长城旅游区,北京响水湖长城旅游区,,3A,怀柔区,
北京喇叭沟原始森林公园景区,北京喇叭沟原始森林公园景区,,3A,怀柔区,
北京圣泉山旅游风景区,北京圣泉山旅游风景区,,3A,怀柔区,
北京大观园,北京大观园,,3A,西城区,
北京大觉寺景区,北京大觉寺景区,,3A,海淀区,
北京天门山旅游风景区,北京天门山旅游风景区,,3A,密云区,
北京太平洋海底世界博览馆景区,北京太平洋海底世界博览馆景区,,3A,海淀区,
北京密云桃源仙谷风景区,北京密云桃源仙谷风景区,,3A,密云区,
北京市东城区青年湖公园景区,北京市东城区青年湖公园景区,,3A,东城区,
北京市京西十八潭景区,北京市京西十八潭景区,,3A,门头沟区,
北京市劳动人民文化宫景区,北京市劳动人民文化宫景区,,3A,东城区,
北京市宣南文化博物馆景区,北京市宣南文化博物馆景区,,3A,西城区,
北京市宣武艺园景区,北京市宣武艺园景区,,3A,西城区,
北京市密云区云龙涧景区,北京市密云区云龙涧景区,,3A,密云区,
北京市怀柔区九谷口自然风景区,北京市怀柔区九谷口自然风景区,,3A,怀柔区,
北京市怀柔区生存岛新概念旅游基地景区,北京市怀柔区生存岛新概念旅游基地景区,,3A,怀柔区,
北京市房山世界地质公园博物馆景区,北京市房山世界地质公园博物馆景区,,3A,房山区,
北京市房山区韩村河景区,北京市房山区韩村河景区,,3A,房山区,
北京市昌平区南口镇艺麓园景区,北京市昌平区南口镇艺麓园景区,,3A,昌平区,
北京市朝阳区京城梨园景区,北京市朝阳区京城梨园景区,,3A,朝阳区,
北京市朝阳区古塔公园景区,北京市朝阳区古塔公园景区,,3A,朝阳区,
北京市朝阳区四得公园景区,北京市朝阳区四得公园景区,,3A,朝阳区,
北京市朝阳区团结湖公园景区,北京市朝阳区团结湖公园景区,,3A,朝阳区,
北京市朝阳区大望京公园景区,北京市朝阳区大望京公园景区,,3A,朝阳区,
北京市朝阳区庆丰公园景区,北京市朝阳区庆丰公园景区,,3A,朝阳区,
北京市朝阳区日坛公园景区,北京市朝阳区日坛公园景区,,3A,朝阳区,
北京市朝阳区白鹿公园景区,北京市朝阳区白鹿公园景区,,3A,朝阳区,
北京市朝阳区红领巾公园景区,北京市朝阳区红领巾公园景区,,3A,朝阳区,
北京市海淀百望山森林公园景区,北京市海淀百望山森林公园景区,,3A,海淀区,
北京市留民营生态旅游景区,北京市留民营生态旅游景区,,3A,大兴区,
北京市门头沟区灵水景区,北京市门头沟区灵水景区,,3A,门头沟区,
北京幽谷神潭自然风景区,北京幽谷神潭自然风景区,,3A,怀柔区,
北京房山区张坊宋辽古城景区,北京房山区张坊宋辽古城景区,,3A,房山区,
北京月坛公园,北京月坛公园,,3A,西城区,
北京河北村民俗园景区,北京河北村民俗园景区,,3A,顺义区,
北京湖广会馆大戏楼景区,北京湖广会馆大戏楼景区,,3A,西城区,
北京焦庄户地道战遗址纪念馆景区,北京焦庄户地道战遗址纪念馆景区,,3A,顺义区,
北京白草畔自然风景区,北京白草畔自然风景区,,3A,房山区,
北京百瑞谷景区,北京百瑞谷景区,,3A,房山区,
北京百花山旅游景区,北京百花山旅游景区,,3A,房山区,
北京老舍茶馆景区,北京老舍茶馆景区,,3A,西城区,
北京草莓博览园景区,北京草莓博览园景区,,3A,昌平区,
北京莱恩堡国际酒庄景区,北京莱恩堡国际酒庄景区,,3A,房山区,
北京蟒山森林公园景区,北京蟒山森林公园景区,,3A,昌平区,
北京西山国家森林公园(昌华景区),北京西山国家森林公园,昌华景区,3A,海淀区,
北京邑仕庄园国际酒庄景区,北京邑仕庄园国际酒庄景区,,3A,密云区,
北京陶瓷艺术馆景区,北京陶瓷艺术馆景区,,3A,朝阳区,
北京雾灵西峰景区,北京雾灵西峰景区,,3A,密云区,
北京青龙湖公园景区,北京青龙湖公园景区,,3A,丰台区,
北京顺义汉石桥湿地景区,北京顺义汉石桥湿地景区,,3A,顺义区,
北京鹫峰森林公园景区,北京鹫峰森林公园景区,,3A,海淀区,
北小河公园景区,北小河公园景区,,3A,朝阳区,
南石洋大峡谷景区,南石洋大峡谷景区,,3A,门头沟区,
南苑森林湿地公园,南苑森林湿地公园,,3A,丰台区,
坡峰岭风景区,坡峰岭风景区,,3A,房山区,
妙峰山风景区,妙峰山风景区,,3A,门头沟区,
宋庆龄故居景区,宋庆龄故居景区,,3A,西城区,
定都阁景区,定都阁景区,,3A,门头沟区,
密云玫瑰情园景区,密云玫瑰情园景区,,3A,密云区,
将府公园旅游景区,将府公园旅游景区,,3A,朝阳区,
延庆区八达岭野生动物世界景区,延庆区八达岭野生动物世界景区,,3A,延庆区,
抗日战争纪念雕塑园,抗日战争纪念雕塑园,,3A,丰台区,
捧河湾自然风景区,捧河湾自然风景区,,3A,密云区,
斯普瑞斯奧特萊斯旅游区,斯普瑞斯奧特萊斯旅游区,,3A,朝阳区,
檀谷景区,檀谷景区,,3A,门头沟区,
清凉谷旅游风景区,清凉谷旅游风景区,,3A,密云区,
爨柏景区,爨柏景区,,3A,门头沟区,
琉璃渠景区,琉璃渠景区,,3A,门头沟区,
百花山自然风景区,百花山自然风景区,,3A,门头沟区,
皇家菜博物馆,皇家菜博物馆,,3A,海淀区,
石门山景区,石门山景区,,3A,怀柔区,
碓臼石景区,碓臼石景区,,3A,延庆区,
神泉峡景区,神泉峡景区,,3A,门头沟区,
聚灵峡（灵山古道）景区,聚灵峡,灵山古道|景区,3A,门头沟区,
蓝调庄园景区,蓝调庄园景区,,3A,朝阳区,
蜜蜂大世界景区,蜜蜂大世界景区,,3A,密云区,
西藏文化博物馆景区,西藏文化博物馆景区,,3A,朝阳区,
金中都公园景区,金中都公园景区,,3A,西城区,
金水湖景区,金水湖景区,,3A,房山区,
长寿山景区,长寿山景区,,3A,平谷区,
阳台山自然风景区,阳台山自然风景区,,3A,海淀区,
静之湖度假区景区,静之湖度假区景区,,3A,昌平区,
顺义区东江公园,顺义区东江公园,,3A,顺义区,
首钢工业文化旅游区,首钢工业文化旅游区,,3A,石景山区,
马栏旅游景区,马栏旅游景区,,3A,门头沟区,
黄芩仙谷景区,黄芩仙谷景区,,3A,门头沟区,
龙门生态园景区,龙门生态园景区,,3A,房山区,
中华石雕艺术园景区,中华石雕艺术园景区,,2A,房山区,
丰台区万芳亭公园景区,丰台区万芳亭公园景区,,2A,丰台区,
京都第一瀑景区,京都第一瀑景区,,2A,密云区,
北京丛海逸园景区,北京丛海逸园景区,,2A,平谷区,
北京历代帝王庙景区,北京历代帝王庙景区,,2A,西城区,
北京密云云蒙山长城遗址公园旅游区,北京密云云蒙山长城遗址公园旅游区,,2A,密云区,
北京市丰台区丰台花园景区,北京市丰台区丰台花园景区,,2A,丰台区,
北京市密云云岫谷游猎自然风景区,北京市密云云岫谷游猎自然风景区,,2A,密云区,
北京市平谷区湖洞水景区,北京市平谷区湖洞水景区,,2A,平谷区,
北京市昌平虎峪自然风景区,北京市昌平虎峪自然风景区,,2A,昌平区,
北京延庆玉渡山风景区,北京延庆玉渡山风景区,,2A,延庆区,
北京瓜草地景区,北京瓜草地景区,,2A,门头沟区,
十三陵林下经济体验园,十三陵林下经济体验园,,2A,昌平区,
大岭沟猕猴桃谷风景区,大岭沟猕猴桃谷风景区,,2A,昌平区,
房山区没有共产党就没有新中国革命歌曲纪念馆景区,房山区没有共产党就没有新中国革命歌曲纪念馆景区,,2A,房山区,
百泉山风景区,百泉山风景区,,2A,怀柔区,
神堂峪自然风景区,神堂峪自然风景区,,2A,怀柔区,
稻香湖景区,稻香湖景区,,2A,海淀区,
莲花池公园景区,莲花池公园景区,,2A,丰台区,
银狐洞景区,银狐洞景区,,2A,房山区,
鹿世界主题园景区,鹿世界主题园景区,,2A,怀柔区,
北京后花园风景区,北京后花园风景区,,1A,昌平区,
北京市延庆区双秀湖星谷景区,北京市延庆区双秀湖星谷景区,,1A,延庆区,
