primary,grade,osm_name,osm_fclass,layer,score,dist_km,disposition,wkt
世界公园30景区,4A,世界公园,theme_park,poi,0.75,0.0,OSM_MATCH,"POLYGON ((116.2765257 39.8091671, 116.2767702 39.8092607, 116.2771432 39.8093494, 116.2782042 39.8096018, 116.277539 39.8115468, 116.2818967 39.8124485, 116.2823439 39.8119638, 116.2832914 39.8116844, 116.2836756 39.8111953, 116.284003 39.8112434, 116.2841436 39.8108882, 116.2842432 39.8106365, 116.2847628 39.8094532, 116.2854919 39.8077417, 116.2861905 39.80796, 116.2862909 39.8077985, 116.2866636 39.8071926, 116.2852313 39.8066332, 116.2850717 39.8065611, 116.2845728 39.8063736, 116.2844534 39.8062932, 116.2831163 39.8057925, 116.2833175 39.8054989, 116.2819692 39.8049759, 116.2814443 39.8055468, 116.2803983 39.8076691, 116.2776463 39.8068655, 116.2765257 39.8091671))"
世界花卉大观园景区,4A,世界花卉大观园,park,landuse,1.0,0.0,OSM_MATCH,"POLYGON ((116.3450869 39.8301158, 116.3451025 39.8308066, 116.3454154 39.8308006, 116.3453685 39.8326267, 116.3451495 39.8330171, 116.3451416 39.8335938, 116.3453215 39.8342064, 116.3455249 39.8358883, 116.3456735 39.8362787, 116.3463775 39.8377143, 116.3466748 39.8379185, 116.3469095 39.8380867, 116.3471989 39.8381047, 116.3475665 39.8382849, 116.3477453 39.8382945, 116.3487946 39.8383509, 116.348598 39.8364623, 116.3485443 39.8350203, 116.3487007 39.8347831, 116.3487242 39.8342365, 116.3488181 39.8331613, 116.3489902 39.8329871, 116.3493891 39.8300977, 116.3450869 39.8301158))"
东城区龙潭公园景区,4A,龙潭公园,park,landuse,0.67,0.0,OSM_MATCH,"POLYGON ((116.4285735 39.8796357, 116.4302395 39.8796871, 116.4343626 39.8798142, 116.4358508 39.8798601, 116.4378096 39.8791348, 116.438842 39.8787944, 116.4389785 39.8780649, 116.438973 39.8776652, 116.4389392 39.8772074, 116.4388186 39.8767825, 116.4378229 39.874846, 116.4372049 39.8739238, 116.4368959 39.8733573, 116.4352671 39.873875, 116.4338069 39.8739732, 116.4333168 39.8750963, 116.4316534 39.8765396, 116.4316088 39.8765783, 116.429372 39.8785687, 116.4285735 39.8796357))"
中华石雕艺术园景区,2A,中华石雕艺术园,park,landuse,1.0,0.0,OSM_MATCH,"POLYGON ((115.8147476 39.5500739, 115.8147638 39.5500988, 115.814797 39.55011, 115.8168481 39.550469, 115.8168941 39.5504637, 115.8169213 39.5504453, 115.8178013 39.5484687, 115.8178047 39.5484254, 115.8177877 39.5483913, 115.8177519 39.548365, 115.8158421 39.5478728, 115.8157774 39.5478676, 115.815706 39.547882, 115.8156549 39.5479109, 115.8147476 39.5500739))"
中国人民抗日战争纪念馆景区,4A,中国人民抗日战争纪念馆,museum,poi,1.0,0.01,OSM_MATCH,"POLYGON ((116.2191778 39.8511016, 116.2192273 39.8511763, 116.2192768 39.8511933, 116.2192632 39.8512641, 116.2192973 39.8513008, 116.2201067 39.851445, 116.220175 39.8514214, 116.2202126 39.8512903, 116.2202638 39.8513008, 116.2203218 39.8512746, 116.2204516 39.850821, 116.2204243 39.8507738, 116.2199083 39.8506915, 116.2193724 39.8506061, 116.2193041 39.8506349, 116.2191778 39.8511016), (116.2194055 39.8509408, 116.2194248 39.8508768, 116.2195537 39.8508998, 116.2195343 39.8509638, 116.2194055 39.8509408), (116.2201588 39.8510675, 116.2201781 39.8510035, 116.220307 39.8510265, 116.2202876 39.8510905, 116.2201588 39.8510675))"
中国印刷博物馆景区,3A,中国印刷博物馆,museum,poi,1.0,0.0,OSM_MATCH,"POLYGON ((116.3248109 39.7421516, 116.3250897 39.7421501, 116.3250917 39.742185, 116.3254911 39.7421835, 116.325495 39.7421698, 116.3256315 39.7421698, 116.3256334 39.7421197, 116.3257798 39.7421166, 116.3257798 39.7419509, 116.3255089 39.7417578, 116.3253167 39.7417647, 116.3253107 39.7418506, 116.3251075 39.7418491, 116.3251095 39.7418126, 116.3250858 39.7417883, 116.3248386 39.7417898, 116.3248169 39.741808, 116.3248109 39.7421516))"
中国地质博物馆,3A,中国地质博物馆,museum,poi,1.0,0.03,OSM_MATCH,"POLYGON ((116.3658099 39.9220252, 116.3658115 39.9221849, 116.3664084 39.9221815, 116.3664021 39.921539, 116.3661706 39.9215404, 116.3661725 39.9217265, 116.3661754 39.922023, 116.3658099 39.9220252))"
中国紫檀博物馆,4A,中国紫檀博物馆,museum,poi,1.0,0.0,OSM_MATCH,"POLYGON ((116.5194538 39.9103893, 116.5204972 39.9105075, 116.5208819 39.9085108, 116.5198382 39.9083925, 116.5194538 39.9103893))"
中国航空博物馆旅游区,4A,中国航空博物馆,museum,poi,1.0,0.0,OSM_MATCH,"POLYGON ((116.3552624 40.1804659, 116.3557634 40.1811682, 116.3556551 40.1812121, 116.3558886 40.1815428, 116.3558558 40.181664, 116.3562531 40.1816949, 116.3562584 40.182219, 116.356251 40.1876445, 116.3581361 40.1876445, 116.3582537 40.1876445, 116.363081 40.1876445, 116.3630601 40.1851131, 116.3630697 40.1850586, 116.3630653 40.1834167, 116.3654539 40.1829223, 116.3644063 40.1811346, 116.3626663 40.1802959, 116.3609263 40.1799667, 116.3590074 40.1797803, 116.3572369 40.1800482, 116.3562562 40.1800839, 116.3559966 40.1801828, 116.355588 40.1803357, 116.3555014 40.1803703, 116.3552624 40.1804659))"
中央电视塔景区,4A,中央电视塔,attraction,poi,1.0,0.06,OSM_MATCH,"POLYGON ((116.2998802 39.9181612, 116.2998925 39.9182569, 116.2999411 39.9183455, 116.3000215 39.9184192, 116.3001267 39.9184715, 116.3002473 39.9184976, 116.3003727 39.9184954, 116.3004915 39.9184649, 116.3005934 39.9184088, 116.3006692 39.9183323, 116.3007122 39.918242, 116.3007186 39.918146, 116.3006878 39.9180528, 116.3006613 39.9180128, 116.3006063 39.9179587, 116.3005287 39.917907, 116.3004145 39.9178673, 116.3002902 39.9178553, 116.3001667 39.9178718, 116.3000551 39.9179156, 116.2999653 39.9179826, 116.2999052 39.918067, 116.2998802 39.9181612))"
丰台区万芳亭公园景区,2A,万芳亭公园,park,landuse,0.73,0.0,OSM_MATCH,"POLYGON ((116.3664563 39.8558205, 116.3665341 39.856413, 116.3675505 39.8572369, 116.3686644 39.8580608, 116.3696239 39.8585914, 116.3701899 39.8592137, 116.3704903 39.8594278, 116.3712604 39.8589732, 116.3712211 39.8580283, 116.3712043 39.8573371, 116.3719821 39.8573479, 116.371987 39.8561459, 116.3684245 39.8560259, 116.3681356 39.8560183, 116.3679041 39.8559649, 116.3675905 39.855907, 116.3670688 39.8558496, 116.3664563 39.8558205))"
乐谷银滩风景区,3A,乐谷银滩景区,park,landuse,1.0,0.0,OSM_MATCH,"POLYGON ((115.6513969 39.6104398, 115.6525578 39.6122175, 115.6551627 39.6142897, 115.6569889 39.6174305, 115.6603157 39.6189081, 115.660572 39.6188405, 115.6606974 39.6188074, 115.6631166 39.6181694, 115.6632933 39.6154574, 115.6612358 39.6148894, 115.6600043 39.6141043, 115.6605989 39.6118795, 115.6596928 39.6097527, 115.6567765 39.608673, 115.6534638 39.6088584, 115.6513969 39.6104398))"
八达岭,5A,八达岭长城,attraction,poi,0.67,0.12,OSM_MATCH,"POLYGON ((115.9986422 40.3560296, 115.9992296 40.3568196, 116.0037297 40.3554033, 116.0050291 40.3569009, 116.0057455 40.3583878, 116.0051065 40.3590517, 116.005644 40.3599136, 116.0049633 40.3613532, 116.006247 40.360597, 116.0106138 40.3630713, 116.0153062 40.3640991, 116.0198657 40.3635389, 116.0185612 40.3567173, 116.0132775 40.3504993, 116.0131076 40.3503885, 116.012155 40.3503026, 116.0075592 40.3519712, 116.006818 40.3517723, 116.0059123 40.3504549, 116.0011472 40.3503284, 116.000126 40.3511112, 115.9995517 40.3536682, 115.9986422 40.3560296))"
八达岭水关长城景区,4A,八达岭长城,attraction,poi,0.6,2.77,OSM_MATCH,"POLYGON ((115.9986422 40.3560296, 115.9992296 40.3568196, 116.0037297 40.3554033, 116.0050291 40.3569009, 116.0057455 40.3583878, 116.0051065 40.3590517, 116.005644 40.3599136, 116.0049633 40.3613532, 116.006247 40.360597, 116.0106138 40.3630713, 116.0153062 40.3640991, 116.0198657 40.3635389, 116.0185612 40.3567173, 116.0132775 40.3504993, 116.0131076 40.3503885, 116.012155 40.3503026, 116.0075592 40.3519712, 116.006818 40.3517723, 116.0059123 40.3504549, 116.0011472 40.3503284, 116.000126 40.3511112, 115.9995517 40.3536682, 115.9986422 40.3560296))"
兴隆公园景区,3A,兴隆公园,park,landuse,1.0,0.0,OSM_MATCH,"POLYGON ((116.5232681 39.9117303, 116.5235256 39.9117961, 116.5234485 39.9125614, 116.5237495 39.9126849, 116.5243877 39.912694, 116.5244827 39.9128451, 116.5252602 39.9129189, 116.525547 39.9127705, 116.5260685 39.9126778, 116.5261394 39.9127764, 116.5259503 39.9139357, 116.5252422 39.9139028, 116.5252872 39.9142691, 116.5254482 39.9144871, 116.5255845 39.9145844, 116.5255705 39.9153841, 116.5266053 39.9153269, 116.5266706 39.9144794, 116.5273816 39.9144741, 116.5274218 39.9149962, 116.5281714 39.9149315, 116.5281492 39.9147561, 116.5285863 39.9147254, 116.5287132 39.914738, 116.5287398 39.9141168, 116.5330313 39.9141168, 116.5329424 39.9127922, 116.5319631 39.9127869, 116.5317579 39.9089403, 116.5317653 39.9087347, 116.5239547 39.9087347, 116.5235899 39.9112201, 116.5232681 39.9117303))"
北京世园公园,4A,北京世园公园,park,landuse,1.0,0.0,OSM_MATCH,"POLYGON ((115.9258493 40.4327904, 115.92593 40.4337669, 115.9260466 40.4350119, 115.9262871 40.4364148, 115.9356236 40.4427687, 115.9377657 40.4435892, 115.9425949 40.4439963, 115.944319 40.4498199, 115.9459302 40.4507999, 115.9499696 40.4512092, 115.954597 40.4511555, 115.9587292 40.4514251, 115.9592481 40.4498142, 115.9579499 40.4493601, 115.9579508 40.4493025, 115.9585461 40.4465887, 115.958532 40.444514, 115.9578977 40.443873, 115.9579655 40.4438793, 115.9584775 40.4439583, 115.9590226 40.4439814, 115.9588515 40.4437871, 115.9586791 40.4435531, 115.95845 40.4432479, 115.9583647 40.4431343, 115.9571312 40.441491, 115.9570806 40.4414196, 115.9569927 40.4412955, 115.9569224 40.4411963, 115.9568646 40.4411147, 115.9558948 40.4397455, 115.9552644 40.4388554, 115.9551396 40.4386847, 115.9528397 40.43554, 115.9501146 40.4350174, 115.9454265 40.4343921, 115.9453626 40.4343943, 115.9451096 40.4343611, 115.943972 40.4342116, 115.9436026 40.4341631, 115.9406442 40.4337876, 115.9401095 40.4337119, 115.9388587 40.433535, 115.9386182 40.433506, 115.9385288 40.4334809, 115.9384698 40.4334643, 115.9329699 40.4327308, 115.931661 40.4324368, 115.9296011 40.4317345, 115.926324 40.4304534, 115.9259751 40.4318723, 115.9258493 40.4327904))"
北京动物园景区,4A,北京动物园,zoo,poi,1.0,0.0,OSM_MATCH,"POLYGON ((116.3221801 39.9409042, 116.3222259 39.9411779, 116.3230182 39.9415466, 116.3236496 39.9417939, 116.3241347 39.9418989, 116.3250141 39.9420875, 116.3252964 39.9421317, 116.3258646 39.942533, 116.3261143 39.94263, 116.3264006 39.9426963, 116.3264283 39.9426947, 116.3266932 39.9426796, 116.3269182 39.9426048, 116.3269702 39.9427446, 116.3291822 39.9430457, 116.3317359 39.9436247, 116.3317359 39.9438879, 116.3327658 39.9439998, 116.3332808 39.9444275, 116.3336223 39.9449131, 116.3337656 39.9449264, 116.3338985 39.9448576, 116.3343819 39.9448528, 116.3344992 39.9444473, 116.3362849 39.9443749, 116.3368446 39.9420287, 116.3369 39.9405482, 116.3368541 39.9399538, 116.3366435 39.9399483, 116.3364243 39.9399426, 116.3364181 39.9398184, 116.3364268 39.9391424, 116.3362885 39.9390927, 116.3362455 39.9389469, 116.3362716 39.9388191, 116.3364284 39.9387271, 116.3364356 39.9375283, 116.3324875 39.9373641, 116.3313793 39.9373158, 116.3311294 39.937241, 116.3279338 39.9371822, 116.3279975 39.9375154, 116.3279791 39.9382208, 116.3243848 39.9382464, 116.3241173 39.9385882, 116.3229246 39.9386921, 116.3221801 39.9409042))"
北京园博园景区,4A,北京园博园,park,landuse,1.0,0.0,OSM_MATCH,"POLYGON ((116.1579678 39.8849579, 116.1638257 39.8885705, 116.167731 39.8860068, 116.1693908 39.8851078, 116.1713651 39.8844002, 116.1726018 39.8836594, 116.1763769 39.8822692, 116.1779824 39.8817031, 116.1807487 39.8816199, 116.1840248 39.8817115, 116.1856737 39.8819779, 116.1877239 39.8825356, 116.1898068 39.8828686, 116.1913146 39.8826272, 116.1924108 39.88259, 116.1944964 39.8813063, 116.1958794 39.8804419, 116.1976527 39.8790725, 116.1989688 39.8782251, 116.2008425 39.8762565, 116.2014559 39.8750154, 116.2020216 39.8725873, 116.2026942 39.8706557, 116.2035078 39.8694318, 116.2051133 39.8671338, 116.2069467 39.864461, 116.2072938 39.8638116, 116.207083 39.8634971, 116.2019814 39.8611924, 116.2015293 39.8610271, 116.2006603 39.8607077, 116.199539 39.8604654, 116.1988539 39.860408, 116.1984037 39.8603996, 116.1973863 39.8603946, 116.1971314 39.8606098, 116.1967162 39.8606689, 116.1953053 39.8630878, 116.1949259 39.8635, 116.1944597 39.8639454, 116.1937894 39.8642775, 116.1912904 39.865065, 116.1903987 39.8654642, 116.1895442 39.8661059, 116.1880835 39.8677834, 116.1864435 39.8698542, 116.1854807 39.8709785, 116.1849166 39.8714579, 116.1836345 39.8722373, 116.1729332 39.8783975, 116.1713763 39.8764709, 116.1690728 39.876143, 116.1682926 39.8758293, 116.167178 39.875088, 116.1645959 39.8747744, 116.1637785 39.8741613, 116.1623853 39.8757438, 116.159896 39.8769841, 116.1592644 39.8774831, 116.1594513 39.882435, 116.1594347 39.8827112, 116.1594009 39.882994, 116.1593301 39.8832261, 116.1592314 39.8835098, 116.1591235 39.8837586, 116.1590095 39.8839423, 116.1588354 39.8841326, 116.1579678 39.8849579))"
北京国际鲜花港景区,4A,顺义国际鲜花港,park,landuse,0.67,0.0,OSM_MATCH,"POLYGON ((116.7840901 40.1845095, 116.7946505 40.1865496, 116.7953181 40.1830258, 116.7946505 40.1828519, 116.7952422 40.1795829, 116.7960087 40.1796694, 116.7968091 40.1753168, 116.7891882 40.1751196, 116.7891579 40.1758268, 116.7858502 40.1758616, 116.7840901 40.1845095))"
北京大观园,3A,北京大观园,park,landuse,1.0,0.0,OSM_MATCH,"POLYGON ((116.3480715 39.8708374, 116.3491335 39.8708724, 116.3492621 39.8709688, 116.3492833 39.8716364, 116.3494054 39.8716409, 116.3493991 39.8717507, 116.3503779 39.8717313, 116.35037 39.8715755, 116.3508846 39.8715796, 116.3512576 39.8715355, 116.351756 39.871525, 116.3517589 39.8713669, 116.3520372 39.8713671, 116.3520718 39.8697638, 116.3520759 39.8696894, 116.3510503 39.8696581, 116.3510868 39.8684661, 116.3500504 39.8683498, 116.348391 39.8683663, 116.3483888 39.86845, 116.3481937 39.8684505, 116.3480715 39.8708374))"
北京奥林匹克公园,5A,奥林匹克公园,park,landuse,0.83,0.0,OSM_MATCH,"POLYGON ((116.3806123 40.0087083, 116.3935515 40.008556, 116.3945884 39.9872121, 116.3886114 39.9869575, 116.3816752 39.9868086, 116.3812399 39.9957776, 116.3806123 40.0087083))"
北京市中山公园景区,4A,中山公园,park,landuse,0.67,0.08,OSM_MATCH,"POLYGON ((116.3854936 39.9109645, 116.3858338 39.9109773, 116.3858164 39.9115288, 116.3898881 39.9116893, 116.3899282 39.9116908, 116.3899466 39.9111686, 116.3902957 39.9111774, 116.3903649 39.9096463, 116.3903412 39.9096457, 116.3903484 39.9094852, 116.3903721 39.9094858, 116.390381 39.909291, 116.3904772 39.9092936, 116.390486 39.9091591, 116.3905005 39.9088116, 116.3904994 39.9087973, 116.3904472 39.9087961, 116.3904636 39.9083581, 116.390422 39.9083572, 116.3904264 39.9082401, 116.390433 39.908063, 116.3904747 39.908064, 116.390491 39.9076293, 116.3905656 39.9076309, 116.3905678 39.907495, 116.3905809 39.9071808, 116.3898956 39.9071649, 116.389419 39.9071541, 116.388936 39.9071433, 116.388313 39.9071288, 116.388331 39.9066681, 116.3858229 39.9066105, 116.3858257 39.9067769, 116.3860622 39.9067838, 116.3865617 39.9072255, 116.3864748 39.9090804, 116.3864109 39.9090799, 116.3864002 39.9092815, 116.3856035 39.9092713, 116.3855613 39.9106333, 116.3855526 39.9108822, 116.3854966 39.910882, 116.3854936 39.9109645), (116.387317 39.9109972, 116.3873728 39.9098207, 116.3873382 39.9098197, 116.3873409 39.9097633, 116.3873438 39.9097025, 116.3873772 39.9097034, 116.3874309 39.9085721, 116.3885749 39.908604, 116.3885757 39.9085866, 116.3886469 39.9085886, 116.3887233 39.9085907, 116.3887225 39.9086075, 116.3898606 39.9086392, 116.3898064 39.9097831, 116.3898452 39.9097842, 116.3898426 39.9098399, 116.3898397 39.909902, 116.3898019 39.909901, 116.3897467 39.9110644, 116.3886379 39.9110334, 116.3886366 39.911061, 116.3885193 39.9110577, 116.3883993 39.9110543, 116.3884006 39.9110275, 116.387317 39.9109972))"
北京市北海公园旅游区,4A,北海公园,park,landuse,0.67,0.0,OSM_MATCH,"POLYGON ((116.3781237 39.930306, 116.3804848 39.9304055, 116.3810459 39.9304259, 116.3810385 39.9305454, 116.3809888 39.9313477, 116.380985 39.9316778, 116.3824863 39.9317303, 116.3832441 39.9317568, 116.3833853 39.9317012, 116.3836357 39.9317099, 116.3836789 39.9317114, 116.3858272 39.9318269, 116.385894 39.931894, 116.3863216 39.9319126, 116.3867787 39.9317846, 116.3867891 39.9315179, 116.3868759 39.9303324, 116.386659 39.9303281, 116.3866932 39.9296676, 116.3867279 39.9285241, 116.3868533 39.9271861, 116.3866177 39.9270526, 116.3865112 39.9267136, 116.386508 39.926293, 116.3864011 39.9262938, 116.3863715 39.9259962, 116.3863196 39.9258204, 116.3863016 39.9256914, 116.386083 39.925368, 116.3860158 39.9254186, 116.3858654 39.9253249, 116.3849985 39.9251077, 116.3847725 39.9249927, 116.3846717 39.9247714, 116.3847281 39.9245895, 116.3848365 39.9244787, 116.3849528 39.9243257, 116.3850124 39.9242959, 116.3851085 39.9241946, 116.385163 39.9240319, 116.3852283 39.9229671, 116.3851866 39.9225201, 116.3851108 39.9223601, 116.3849586 39.9221891, 116.3843543 39.9216851, 116.3843406 39.9216858, 116.3839873 39.9217019, 116.3838054 39.9215071, 116.3835765 39.9215071, 116.3834438 39.9215027, 116.3833496 39.9214987, 116.383284 39.9212226, 116.3831728 39.921129, 116.3831182 39.921083, 116.3829998 39.9210577, 116.3828147 39.9210639, 116.3826838 39.9210695, 116.3825358 39.9211112, 116.3824499 39.9211997, 116.3822416 39.9212663, 116.3821103 39.9212503, 116.3807998 39.921198, 116.3807025 39.9212142, 116.3806109 39.9212576, 116.3805501 39.9212917, 116.3803377 39.9212852, 116.3801612 39.9212797, 116.3799688 39.9226084, 116.3798394 39.9228083, 116.3793739 39.9235271, 116.379068 39.9243132, 116.3789768 39.9246793, 116.37884 39.9250146, 116.3783846 39.9265108, 116.3781237 39.930306))"
北京市宣武艺园景区,3A,宣武艺园,park,landuse,0.67,0.0,OSM_MATCH,"POLYGON ((116.3511151 39.8946992, 116.3516698 39.8947586, 116.3530135 39.8947851, 116.3550505 39.8947848, 116.3550405 39.8933318, 116.3548091 39.8933258, 116.3548138 39.8932268, 116.3548151 39.893137, 116.3548193 39.8930638, 116.3543534 39.8930486, 116.3543456 39.8929883, 116.3533864 39.8929548, 116.3530546 39.8926822, 116.3528247 39.8924639, 116.3528161 39.8923558, 116.35269 39.8923487, 116.3525957 39.8920294, 116.3522722 39.8919998, 116.3522405 39.8919974, 116.351971 39.8919765, 116.3518113 39.892092, 116.3517348 39.8928276, 116.3516644 39.8928638, 116.3515163 39.8930894, 116.3513623 39.8934563, 116.3512114 39.8941728, 116.3511436 39.8941735, 116.3511151 39.8946992))"
北京市房山世界地质公园博物馆景区,3A,房山世界地质公园博物馆,museum,poi,0.87,0.0,OSM_MATCH,"POLYGON ((115.8667725 39.5828948, 115.866776 39.5850375, 115.867545 39.5847238, 115.8683471 39.5844864, 115.8690291 39.5843751, 115.869786 39.5843, 115.8698069 39.5829497, 115.8667725 39.5828948))"
北京市景山公园景区,4A,景山公园,park,landuse,0.67,0.0,OSM_MATCH,"POLYGON ((116.3877719 39.9267147, 116.3883018 39.9267366, 116.3895216 39.926773, 116.3903184 39.926789, 116.3911428 39.9268055, 116.3923039 39.9268293, 116.3927842 39.9268364, 116.3928311 39.9259358, 116.3928623 39.9253497, 116.3928719 39.9251803, 116.3928844 39.9249925, 116.3929054 39.9245419, 116.3929022 39.924508, 116.3929033 39.9244098, 116.392904 39.9243392, 116.3929945 39.9221658, 116.3906651 39.9220833, 116.3906673 39.922038, 116.3905185 39.9220337, 116.3903729 39.9220295, 116.3903708 39.9220726, 116.3880669 39.9219905, 116.3880666 39.9220768, 116.3880225 39.9221082, 116.3879052 39.9240882, 116.3879585 39.9241252, 116.3879558 39.9241573, 116.3879211 39.9241569, 116.3879197 39.9242367, 116.3879181 39.9243342, 116.3879558 39.9243345, 116.3879532 39.924368, 116.3878935 39.9244086, 116.3878753 39.9249879, 116.3878732 39.9250815, 116.3878668 39.9251855, 116.3877719 39.9267147))"
北京市朝阳区团结湖公园景区,3A,团结湖公园,park,landuse,0.57,0.0,OSM_MATCH,"POLYGON ((116.455958 39.9247456, 116.4559687 39.9255519, 116.4566819 39.9255519, 116.4567892 39.9258481, 116.4568697 39.9258623, 116.4568697 39.9260003, 116.458361 39.9260063, 116.458361 39.9261443, 116.4583878 39.926424, 116.4586399 39.926393, 116.4598899 39.9258399, 116.4599006 39.9251693, 116.4602654 39.9251794, 116.4602761 39.925231, 116.4607321 39.9252393, 116.4607321 39.9251801, 116.4607321 39.9241285, 116.4605443 39.9241285, 116.4605443 39.9238959, 116.4603029 39.9239082, 116.4602385 39.9238835, 116.4600615 39.9237089, 116.4598469 39.9235114, 116.4598308 39.9234086, 116.4596324 39.9232687, 116.4594714 39.9231636, 116.4590798 39.9231636, 116.4588277 39.9230918, 116.458597 39.9231, 116.4585434 39.9230301, 116.4582108 39.9230506, 116.4580338 39.9228861, 116.4580391 39.9227316, 116.4579587 39.9226475, 116.4579694 39.9225899, 116.4578889 39.9225899, 116.4578782 39.9225158, 116.4565585 39.922557, 116.4566122 39.9234145, 116.4565317 39.9236266, 116.456521 39.9237231, 116.4564674 39.9237231, 116.4564781 39.9240915, 116.4562262 39.9240915, 116.4562155 39.924437, 116.4562691 39.9244288, 116.4562689 39.9245541, 116.4562635 39.9247392, 116.455958 39.9247456))"
北京市朝阳区大望京公园景区,3A,大望京公园,park,landuse,0.57,0.0,OSM_MATCH,"POLYGON ((116.4836034 40.0028271, 116.4836455 40.0029262, 116.484964 40.0027269, 116.4875008 40.0024495, 116.4890715 40.002228, 116.4900087 40.0012438, 116.4900786 40.0008703, 116.4903789 40.0007484, 116.4903468 40.000492, 116.490578 40.0003755, 116.4906339 40.0001483, 116.4906243 39.9999222, 116.4905393 39.9995595, 116.4905817 39.9984844, 116.4904665 39.9977869, 116.4903438 39.9973319, 116.4901557 39.9967348, 116.4896348 39.9957934, 116.4894127 39.9953977, 116.4890853 39.9950074, 116.4882114 39.994131, 116.4870204 39.992915, 116.4869319 39.9929134, 116.486256 39.9935895, 116.4870213 39.9943337, 116.4874754 39.9951119, 116.4877474 39.9956777, 116.4878276 39.9962632, 116.4878842 39.9969922, 116.4877439 39.9978541, 116.4878549 39.9980644, 116.4874926 39.9988461, 116.4873248 39.9987896, 116.4868407 39.9994884, 116.4861364 40.0002194, 116.4862436 40.0002895, 116.4854201 40.0010766, 116.4853499 40.0010356, 116.4845962 40.0017808, 116.4836034 40.0028271))"
北京市朝阳区红领巾公园景区,3A,红领巾公园,park,landuse,0.57,0.0,OSM_MATCH,"POLYGON ((116.4842792 39.9239392, 116.4842792 39.9240071, 116.4842792 39.9242272, 116.4843141 39.9267366, 116.4843811 39.9267428, 116.4843731 39.9270554, 116.4843543 39.9270863, 116.4842964 39.9271299, 116.484309 39.9286223, 116.4845689 39.9284109, 116.4845743 39.9283183, 116.484703 39.9278041, 116.4847567 39.9277794, 116.4857705 39.9279481, 116.4858456 39.9279461, 116.485918 39.9279152, 116.4861273 39.9277301, 116.4864572 39.9277774, 116.4866905 39.9275943, 116.4871921 39.9277116, 116.4874308 39.9276972, 116.488155 39.9270637, 116.488206 39.9269711, 116.4881657 39.9263952, 116.4882006 39.9263396, 116.4888229 39.9263643, 116.4888411 39.9259882, 116.4888631 39.9255313, 116.4889436 39.9255251, 116.4889226 39.9242911, 116.4889221 39.9242621, 116.4889892 39.9242313, 116.489311 39.9242333, 116.4893058 39.9242873, 116.4896329 39.9242827, 116.4896195 39.9237067, 116.4898609 39.923717, 116.4898609 39.9232419, 116.4895873 39.9230197, 116.4889488 39.9225075, 116.4886538 39.9224623, 116.4886908 39.9219809, 116.4872404 39.9219912, 116.4872404 39.9220591, 116.4872216 39.9220591, 116.4871989 39.9227118, 116.486653 39.9227543, 116.4866449 39.9227029, 116.4862614 39.922707, 116.4862506 39.9228305, 116.4862548 39.9230882, 116.4862292 39.9230938, 116.4862575 39.9233803, 116.4862292 39.9233941, 116.4862763 39.9239398, 116.4861434 39.9239453, 116.4861487 39.9240852, 116.4862775 39.9243321, 116.4853789 39.9245583, 116.4852502 39.9242374, 116.4848747 39.924079, 116.4847352 39.9240009, 116.4846267 39.9238904, 116.4845153 39.9237396, 116.4844536 39.9237376, 116.4844804 39.9234661, 116.4844187 39.9234702, 116.4843811 39.9234887, 116.4843275 39.9236471, 116.4842873 39.9237767, 116.4842792 39.9239392))"
北京市欢乐谷景区,4A,北京欢乐谷,theme_park,poi,0.67,0.0,OSM_MATCH,"POLYGON ((116.4825293 39.8644923, 116.4827288 39.8655566, 116.4830265 39.8658296, 116.4831521 39.8665785, 116.4834831 39.8672092, 116.483785 39.8675857, 116.4858761 39.8689147, 116.487052 39.8694154, 116.4934893 39.8692837, 116.4936738 39.8669127, 116.4937253 39.8642973, 116.4935657 39.8643393, 116.4931174 39.8643685, 116.4923505 39.8643751, 116.4863653 39.8644263, 116.4840478 39.8643275, 116.4825293 39.8644923))"
北京市玉渊潭公园景区,4A,玉渊潭公园,park,landuse,0.73,0.0,OSM_MATCH,"POLYGON ((116.3045761 39.9138475, 116.3045761 39.9183042, 116.3045996 39.9201053, 116.3053853 39.9201061, 116.3054156 39.9186003, 116.3062562 39.9186027, 116.3063533 39.9190332, 116.3064352 39.9190332, 116.3067417 39.919231, 116.3073547 39.9193777, 116.307969 39.9193357, 116.3079369 39.9188463, 116.3102409 39.9187321, 116.3102409 39.9192061, 116.3133167 39.918654, 116.3132736 39.9184588, 116.3165495 39.9180738, 116.3195702 39.9180798, 116.3206377 39.9183144, 116.3212464 39.9176201, 116.3229301 39.9177125, 116.3230137 39.9166589, 116.3234827 39.9160834, 116.3234944 39.9155349, 116.3237166 39.9145827, 116.3238464 39.914173, 116.3242319 39.9136286, 116.3243166 39.913418, 116.3245153 39.913258, 116.325402 39.9127922, 116.3256065 39.9127994, 116.3266634 39.9120946, 116.3281312 39.912084, 116.3281113 39.9117351, 116.326626 39.9117464, 116.3250991 39.9127781, 116.3236915 39.9132319, 116.3199652 39.9132448, 116.3189832 39.9132168, 116.3186024 39.9130901, 116.3170312 39.9121214, 116.3167972 39.9120015, 116.3164275 39.911965, 116.3157341 39.9121358, 116.3147174 39.9120057, 116.3145253 39.9120154, 116.3136976 39.9121083, 116.3134263 39.9117905, 116.3130036 39.9115208, 116.3126022 39.9114521, 116.311273 39.911681, 116.3106825 39.9116294, 116.3094999 39.9119357, 116.3091083 39.9122433, 116.3053172 39.9129769, 116.3048897 39.9137106, 116.3045761 39.9138475))"
北京市陶然亭公园景区,4A,陶然亭公园,park,landuse,0.73,0.0,OSM_MATCH,"POLYGON ((116.3688951 39.8714208, 116.3694404 39.8714216, 116.3694535 39.8717496, 116.3701573 39.8718023, 116.3702947 39.8720263, 116.3712216 39.8720526, 116.371359 39.8721383, 116.3713246 39.8735089, 116.3730922 39.8735537, 116.3729876 39.8742808, 116.3731099 39.8748588, 116.3736592 39.8748785, 116.373685 39.8751025, 116.3736421 39.875939, 116.3737451 39.876051, 116.3740434 39.876056, 116.374039 39.8761608, 116.3741766 39.8761663, 116.3741768 39.8763871, 116.3743205 39.8763896, 116.3742686 39.8768382, 116.3743918 39.8769253, 116.3745385 39.8769318, 116.3746077 39.8770668, 116.3745978 39.8773274, 116.3756226 39.8773395, 116.3756421 39.8771136, 116.3757383 39.8771224, 116.3765311 39.8771915, 116.3765002 39.8766834, 116.3770115 39.8766525, 116.3770134 39.875925, 116.3767577 39.8759325, 116.3767835 39.8757151, 116.3771354 39.8756887, 116.377666 39.8754619, 116.3777708 39.8753377, 116.3790752 39.8752869, 116.3792666 39.8759192, 116.3793787 39.87674, 116.3797984 39.8766571, 116.3804482 39.8765648, 116.3809826 39.8765603, 116.3810305 39.8752707, 116.3810382 39.874896, 116.380742 39.8748933, 116.380753 39.8747381, 116.3807571 39.8744879, 116.3810531 39.8744953, 116.3811872 39.8724497, 116.381295 39.8710058, 116.3812902 39.8709456, 116.3812724 39.8708978, 116.381225 39.8708581, 116.3812005 39.8708486, 116.3811573 39.8708319, 116.3791181 39.870756, 116.3787967 39.8707277, 116.3780056 39.8704623, 116.3747041 39.8702081, 116.3746829 39.8703723, 116.374172 39.8703431, 116.3732161 39.8702856, 116.3732418 39.8700977, 116.3694607 39.8697767, 116.3694186 39.8700963, 116.3692483 39.8700888, 116.3690674 39.8701623, 116.3690642 39.8705057, 116.3691895 39.870591, 116.3690507 39.8709137, 116.3689175 39.8709123, 116.3688986 39.8713421, 116.3688969 39.8713801, 116.3688951 39.8714208))"
北京幽谷神潭自然风景区,3A,幽谷神潭,theme_park,poi,0.6,0.41,OSM_MATCH,"POLYGON ((116.666119 40.5277097, 116.6665802 40.5290087, 116.6666686 40.5294361, 116.6668171 40.5299019, 116.667351 40.5299979, 116.6676668 40.5296089, 116.6686114 40.5296065, 116.6686019 40.5294361, 116.6680364 40.5293112, 116.6678311 40.528783, 116.66761 40.5284349, 116.6672973 40.5279234, 116.666735 40.5275945, 116.666119 40.5277097))"
北京月坛公园,3A,月坛公园,park,landuse,0.75,0.0,OSM_MATCH,"POLYGON ((116.3444479 39.9140403, 116.3446088 39.9141596, 116.344582 39.9146164, 116.3446625 39.9147274, 116.3448717 39.9148242, 116.3448994 39.9149002, 116.3448846 39.9156681, 116.3448657 39.9158312, 116.344832 39.9167622, 116.3461183 39.9167986, 116.3463831 39.9167951, 116.346414 39.9165769, 116.3471562 39.9165899, 116.3473298 39.9149536, 116.3472471 39.914277, 116.3472228 39.9142222, 116.3470052 39.9137319, 116.3466973 39.9137841, 116.3466205 39.9136906, 116.3466009 39.9136154, 116.34654 39.9136247, 116.3444755 39.9136048, 116.3444479 39.9140403))"
北京汽车博物馆景区,4A,北京汽车博物馆,museum,poi,1.0,0.01,OSM_MATCH,"POLYGON ((116.2956547 39.8274868, 116.2956586 39.8275841, 116.2956728 39.8276486, 116.2957065 39.827742, 116.295784 39.8278472, 116.2958577 39.8279425, 116.29589 39.8280497, 116.2958874 39.8281947, 116.2958823 39.8284231, 116.2960219 39.8284241, 116.2960943 39.8282543, 116.2961745 39.8281351, 116.2963037 39.8280358, 116.2964201 39.8279564, 116.2965507 39.8278542, 116.2966244 39.8277757, 116.29668 39.8276774, 116.2966968 39.8275652, 116.29668 39.827456, 116.2966308 39.8273478, 116.2965558 39.8272515, 116.2964266 39.8271383, 116.2962999 39.8270331, 116.2961473 39.8269209, 116.2960452 39.8268017, 116.295965 39.8266389, 116.295806 39.8266389, 116.2958797 39.8268514, 116.2958952 39.8269546, 116.2958939 39.827041, 116.29585 39.8271592, 116.2957672 39.8272733, 116.2956845 39.8273756, 116.2956547 39.8274868))"
北京湖广会馆大戏楼景区,3A,北京湖广会馆,attraction,poi,0.77,0.0,OSM_MATCH,"POLYGON ((116.3774043 39.8871807, 116.3774177 39.8875425, 116.3774214 39.8876432, 116.3774261 39.8877684, 116.3775988 39.8877637, 116.3775992 39.8877706, 116.3779018 39.8877631, 116.3778933 39.8875294, 116.3779117 39.8875288, 116.3779072 39.8874412, 116.3779363 39.8874404, 116.3779324 39.8873905, 116.3779047 39.8873911, 116.3779034 39.8873649, 116.3778861 39.8873649, 116.3778818 39.8872968, 116.3778917 39.8872966, 116.3778903 39.8872679, 116.3778805 39.8872682, 116.3778794 39.8872544, 116.3778826 39.8872544, 116.3778809 39.8872185, 116.3778214 39.8872202, 116.3778215 39.8871654, 116.3777426 39.8871628, 116.3777358 39.8871902, 116.3774043 39.8871807))"
北京焦庄户地道战遗址纪念馆景区,3A,焦庄户地道战遗址纪念馆,museum,poi,0.91,0.0,OSM_MATCH,"POLYGON ((116.8632191 40.2329256, 116.8641378 40.2331672, 116.8643577 40.232342, 116.8636563 40.2321833, 116.8634941 40.2322642, 116.8632191 40.2329256))"
北京石景山游乐园景区,4A,北京石景山游乐园,theme_park,poi,1.0,0.0,OSM_MATCH,"POLYGON ((116.1991603 39.9063245, 116.2002654 39.907559, 116.2002792 39.9080022, 116.2003088 39.9081271, 116.2003373 39.9083325, 116.2004195 39.9085047, 116.2004425 39.908966, 116.2004401 39.9093784, 116.2004692 39.9102419, 116.2007257 39.9153778, 116.2029443 39.9153535, 116.2035938 39.9153464, 116.2046788 39.9153345, 116.2047071 39.9127107, 116.2045783 39.9097975, 116.2045891 39.9064562, 116.204514 39.9063492, 116.2044281 39.9062916, 116.2014398 39.9063103, 116.1991603 39.9063245))"
北京莱恩堡国际酒庄景区,3A,北京莱恩堡国际酒庄,park,landuse,1.0,0.0,OSM_MATCH,"POLYGON ((116.1984381 39.7829452, 116.1993443 39.7864319, 116.1994698 39.7864428, 116.1994593 39.7879883, 116.2040526 39.788359, 116.2042343 39.7883737, 116.2041749 39.7900788, 116.2064474 39.7903105, 116.2084358 39.7855113, 116.2093695 39.7827635, 116.2056093 39.7820976, 116.2026977 39.782027, 116.1985176 39.7820384, 116.1984381 39.7829452))"
北京野生动物园景区,4A,北京野生动物园,zoo,poi,1.0,0.0,OSM_MATCH,"POLYGON ((116.3167983 39.4951267, 116.3169988 39.4969991, 116.3216328 39.4969727, 116.3216408 39.4970649, 116.3218036 39.4989491, 116.3232753 39.4989051, 116.3234542 39.5008062, 116.3331243 39.5008341, 116.3398436 39.5008535, 116.3383442 39.4901667, 116.3379099 39.4901919, 116.3378819 39.4886674, 116.317833 39.4905374, 116.3180302 39.4926108, 116.3189548 39.4925104, 116.3190326 39.4931419, 116.3192499 39.4949073, 116.3167983 39.4951267))"
北京青龙湖公园景区,3A,青龙湖公园,park,landuse,0.8,0.0,OSM_MATCH,"POLYGON ((116.0788495 39.8001283, 116.078935 39.8001681, 116.0794071 39.8003453, 116.0797236 39.8004195, 116.0801423 39.800469, 116.0804907 39.8005102, 116.0827223 39.800708, 116.0833124 39.8006709, 116.0837147 39.7980511, 116.0842619 39.7973051, 116.0847606 39.7949347, 116.0848831 39.7943523, 116.0851031 39.793434, 116.0850816 39.7932774, 116.0846847 39.7929352, 116.0848992 39.792387, 116.0854517 39.7924076, 116.0854203 39.7915741, 116.0851444 39.7915745, 116.0852123 39.7907558, 116.0855805 39.7907858, 116.0856556 39.7902334, 116.0855322 39.7902293, 116.0855537 39.7899119, 116.0838356 39.7905055, 116.0838142 39.7906497, 116.0831651 39.7906539, 116.082375 39.7907774, 116.0822667 39.7908277, 116.081987 39.7908381, 116.0818427 39.7908987, 116.0817773 39.7909906, 116.0804783 39.7915761, 116.0798486 39.792025, 116.0798343 39.7921256, 116.0801529 39.7927522, 116.0800846 39.792833, 116.0795991 39.7929233, 116.0794968 39.7932907, 116.0791709 39.7935904, 116.0791771 39.7936762, 116.0792985 39.7937156, 116.0793838 39.7941804, 116.0794957 39.794332, 116.0795393 39.7943451, 116.0799287 39.7950885, 116.0799078 39.7952823, 116.0799818 39.7954453, 116.0799685 39.7956508, 116.0801164 39.7962461, 116.0801639 39.7967372, 116.0801733 39.7969145, 116.080327 39.7973036, 116.080272 39.7974408, 116.0798054 39.79769, 116.0794944 39.7977659, 116.0793274 39.7980224, 116.0788495 39.8001283))"
北小河公园景区,3A,北小河公园,park,landuse,1.0,0.0,OSM_MATCH,"POLYGON ((116.4455622 40.001221, 116.4456795 40.0017228, 116.4461119 40.0029474, 116.4471311 40.0060128, 116.447453 40.0061771, 116.4480935 40.0063004, 116.4478954 40.0058205, 116.4489395 40.0059987, 116.4493488 40.0057662, 116.4498638 40.0057662, 116.450379 40.0057507, 116.4503746 40.0059114, 116.4508094 40.0058996, 116.4507757 40.0045746, 116.4501795 40.0045588, 116.4501975 40.0040882, 116.4500262 40.0040923, 116.4500247 40.0036952, 116.4514227 40.003687, 116.4514037 40.0033563, 116.4513875 40.0030757, 116.4506807 40.0031137, 116.4506433 40.0030595, 116.4506315 40.0027736, 116.4508532 40.0024803, 116.4507745 40.0024429, 116.450045 40.0020648, 116.4492135 40.0017977, 116.4485 40.0016169, 116.4472072 40.001358, 116.4467351 40.0012676, 116.4464025 40.0011937, 116.4462094 40.0012019, 116.4460056 40.001243, 116.4457695 40.0012389, 116.4455622 40.001221))"
南宫旅游景区,4A,北京南宫旅游景区,park,landuse,0.75,0.22,OSM_MATCH,"POLYGON ((116.1389285 39.7937172, 116.1414441 39.7946527, 116.1419133 39.7949136, 116.1419104 39.7949534, 116.1440375 39.7966784, 116.1449441 39.7962309, 116.1455613 39.7959263, 116.1460457 39.7947941, 116.1466019 39.7905113, 116.1440051 39.7902907, 116.1434352 39.7902465, 116.1434611 39.7901713, 116.1415384 39.7898794, 116.1402962 39.7898399, 116.1402804 39.7900257, 116.1397133 39.7923568, 116.1396788 39.7924386, 116.1391693 39.7927925, 116.1389285 39.7937172))"
南苑森林湿地公园,3A,南苑森林湿地公园,park,landuse,1.0,0.0,OSM_MATCH,"POLYGON ((116.3596614 39.8187097, 116.3605909 39.8210124, 116.3606868 39.8210934, 116.3659398 39.8212116, 116.3675985 39.8212621, 116.3707602 39.8215259, 116.3718191 39.8215309, 116.3736111 39.8214734, 116.3768584 39.8214581, 116.3780979 39.8214832, 116.3781311 39.8211453, 116.3785229 39.820854, 116.3793598 39.8207268, 116.3815093 39.8202193, 116.3843827 39.8195741, 116.3843061 39.8193263, 116.3802792 39.8161229, 116.3802949 39.8159964, 116.3805908 39.8159393, 116.3813803 39.8159962, 116.3833613 39.8157901, 116.3839399 39.8144102, 116.3842625 39.8136409, 116.3830094 39.8131794, 116.3830265 39.8129288, 116.380649 39.8124937, 116.3805718 39.812375, 116.3805718 39.8119531, 116.3805031 39.8116762, 116.3796791 39.8113663, 116.3796191 39.8111289, 116.3806935 39.8101469, 116.3830621 39.8108739, 116.3833135 39.81088, 116.3833038 39.8102008, 116.3831488 39.810173, 116.3829454 39.8099082, 116.3827282 39.8093122, 116.384146 39.8071546, 116.3846167 39.807056, 116.3844799 39.8065885, 116.3839205 39.8067094, 116.3810272 39.8065145, 116.3808601 39.8065428, 116.3807249 39.8066103, 116.3784897 39.809368, 116.3778343 39.8090684, 116.3792048 39.8075615, 116.3790151 39.8074357, 116.37933 39.8069425, 116.3791331 39.8068434, 116.3795535 39.8064109, 116.3798012 39.8062227, 116.3800745 39.8061114, 116.3803173 39.8055521, 116.3798818 39.8046622, 116.3795923 39.8043863, 116.3786358 39.8035725, 116.3779371 39.803182, 116.3772117 39.8029827, 116.3763826 39.8028952, 116.375688 39.802913, 116.3753979 39.8031274, 116.3747724 39.8037054, 116.3716939 39.8067902, 116.3721773 39.8074813, 116.3723009 39.8074428, 116.3725434 39.8078533, 116.3726051 39.8080296, 116.3729288 39.8082943, 116.3733311 39.8085884, 116.3741813 39.8091496, 116.374341 39.8092934, 116.3744619 39.8092866, 116.3744506 39.8091648, 116.3751308 39.8091657, 116.3751713 39.8094456, 116.3756034 39.8094683, 116.3757597 39.8097971, 116.3767584 39.8097099, 116.3770569 39.8100274, 116.3771482 39.8099723, 116.3776209 39.810377, 116.3770871 39.8108125, 116.3765892 39.8109905, 116.3762717 39.8111026, 116.3759499 39.8116436, 116.3754489 39.8123897, 116.3749979 39.8131263, 116.374599 39.8133983, 116.3735757 39.8139511, 116.3720811 39.8152998, 116.3711025 39.8157374, 116.3712233 39.8159281, 116.3722166 39.8155614, 116.3727374 39.8161695, 116.3743222 39.8180198, 116.3719037 39.8192108, 116.3716512 39.8192487, 116.3711454 39.8172845, 116.3709702 39.8173002, 116.3709237 39.81737, 116.3708062 39.8174888, 116.3705819 39.8175733, 116.3680926 39.817894, 116.3644669 39.8179101, 116.3642641 39.817906, 116.3639606 39.8178186, 116.3637849 39.8177142, 116.3635437 39.8175121, 116.3633686 39.8174381, 116.3631623 39.817433, 116.3623262 39.8175592, 116.3619684 39.8178457, 116.3618041 39.8179139, 116.3610797 39.8178555, 116.3608773 39.817933, 116.3596614 39.8187097))"
圆明园遗址公园景区,5A,圆明园遗址公园,park,landuse,1.0,0.0,OSM_MATCH,"POLYGON ((116.2816412 40.0119641, 116.2927305 40.0128648, 116.3026697 40.0136207, 116.3029443 40.0123257, 116.305588 40.0125533, 116.3055596 40.0128018, 116.3069396 40.0129242, 116.3069928 40.0126852, 116.3117248 40.0130817, 116.3119459 40.0113507, 116.3126654 40.0057173, 116.3126069 40.005545, 116.3124873 40.0053937, 116.3123215 40.005281, 116.311996 40.0051921, 116.3097454 40.0051548, 116.3072629 40.0049228, 116.3072468 40.0051376, 116.3068925 40.005127, 116.3069747 40.0048279, 116.3073466 40.0047136, 116.3074427 40.0031243, 116.3076022 40.0026935, 116.3083167 40.0004025, 116.3071281 40.0002864, 116.3075022 39.9992732, 116.3075427 39.9991178, 116.3073372 39.9990827, 116.3072869 39.9992264, 116.3070555 39.9991851, 116.3069887 39.9993967, 116.3068058 39.9993613, 116.3067896 39.9993994, 116.306561 39.999353, 116.3064403 39.9993288, 116.3063207 39.9993029, 116.306091 39.9992529, 116.3061055 39.9992015, 116.305928 39.999164, 116.3059801 39.9989825, 116.3058175 39.9989487, 116.3058422 39.9988827, 116.3057219 39.9988566, 116.3041355 39.99862, 116.3040742 39.9985465, 116.3038605 39.9986275, 116.3034946 39.9985825, 116.3031193 39.9985363, 116.3025893 39.9982956, 116.3018222 39.997746, 116.301051 39.9970006, 116.300757 39.9968245, 116.3003763 39.9966817, 116.2982846 39.9965414, 116.2981573 39.9966778, 116.2980475 39.9968489, 116.297957 39.9969893, 116.2978668 39.9980408, 116.297815 39.9985866, 116.2980001 39.9985902, 116.2979814 39.9991518, 116.2989183 39.999236, 116.2991604 39.9994591, 116.2995328 39.999504, 116.2999689 39.9998477, 116.3000409 39.9998918, 116.3000912 39.9999304, 116.3001243 39.9999862, 116.3001965 40.0001078, 116.3002511 40.00024, 116.3002899 40.0003011, 116.3003375 40.0003454, 116.300406 40.000395, 116.3004667 40.0004238, 116.3005058 40.0004512, 116.3005648 40.0005313, 116.300287 40.002892, 116.3008438 40.0029376, 116.3008159 40.0031381, 116.300805 40.0032561, 116.3006792 40.0037877, 116.3004426 40.0037653, 116.3002895 40.0046954, 116.2994102 40.0046105, 116.2993369 40.0045954, 116.2983991 40.0045143, 116.2979458 40.0044741, 116.2975085 40.0044359, 116.2973126 40.0044206, 116.2952371 40.0042064, 116.2953103 40.0036605, 116.2953259 40.0033649, 116.2954128 40.0028976, 116.2955617 40.0023402, 116.2956225 40.0019471, 116.2954415 40.0019157, 116.2954593 40.0018401, 116.2946757 40.0017855, 116.2946581 40.0017843, 116.2946458 40.0018507, 116.2862491 40.0011141, 116.2832936 40.0008545, 116.2816412 40.0119641))"
坡峰岭风景区,3A,坡峰岭风景区,park,landuse,1.0,0.0,OSM_MATCH,"POLYGON ((115.8264849 39.703724, 115.8271247 39.7044354, 115.82811 39.7039396, 115.829511 39.7035803, 115.8321454 39.7031376, 115.8352932 39.7017741, 115.8353643 39.7017295, 115.8381047 39.7000123, 115.8400683 39.6976181, 115.8405906 39.6961224, 115.8391582 39.6950726, 115.8383133 39.6944608, 115.8378654 39.693655, 115.8348601 39.6941628, 115.8323288 39.6969331, 115.8277687 39.6989812, 115.8268754 39.7015721, 115.8264849 39.703724))"
天坛公园,5A,天坛公园,park,landuse,1.0,0.0,OSM_MATCH,"POLYGON ((116.3941455 39.8826783, 116.3941519 39.8827055, 116.3942099 39.8829504, 116.3942634 39.8831877, 116.3942964 39.8833327, 116.3943801 39.8836522, 116.3945114 39.8839612, 116.3946838 39.884255, 116.3948079 39.8844729, 116.394979 39.8847099, 116.3951951 39.8849622, 116.395469 39.8852431, 116.3969174 39.8853408, 116.396941 39.8853984, 116.3968943 39.8859864, 116.397199 39.8860848, 116.3980129 39.8862803, 116.3987283 39.8864124, 116.3994288 39.8865053, 116.3998477 39.886547, 116.400297 39.886571, 116.4011759 39.8866046, 116.4022119 39.8866373, 116.4060558 39.8867319, 116.4060828 39.886733, 116.4062131 39.8867379, 116.4063786 39.8867441, 116.406676 39.8867552, 116.4086483 39.8868246, 116.4090701 39.8868254, 116.4095082 39.8867942, 116.409862 39.886755, 116.4102185 39.8866984, 116.4106394 39.886573, 116.4112022 39.8864048, 116.4116808 39.8862116, 116.4120415 39.8860111, 116.4123848 39.8857815, 116.4126495 39.8855324, 116.4128582 39.8853175, 116.4130556 39.8850993, 116.4132553 39.8848339, 116.4133926 39.8846357, 116.4135701 39.884347, 116.4136915 39.8841217, 116.4137897 39.8838838, 116.4139015 39.8835458, 116.4139765 39.8832573, 116.4140932 39.8827414, 116.4141092 39.882667, 116.4141261 39.8826069, 116.4141635 39.8824743, 116.4141663 39.8824642, 116.4141963 39.8823241, 116.4142112 39.8822059, 116.4142197 39.8821377, 116.4134748 39.8821217, 116.4134765 39.8820719, 116.4135033 39.8812593, 116.4135088 39.8811274, 116.4128966 39.8811156, 116.4128906 39.8813001, 116.4117298 39.8812775, 116.4114342 39.8812769, 116.4114561 39.8809367, 116.4114673 39.8802469, 116.4114736 39.8800392, 116.4115235 39.8790916, 116.4115623 39.8782922, 116.4116347 39.8770956, 116.4118612 39.8739288, 116.4118726 39.87371, 116.4118905 39.8733686, 116.4117077 39.8733627, 116.4072918 39.873221, 116.4072415 39.8732191, 116.4071536 39.8732164, 116.4070721 39.8732139, 116.4069904 39.8732114, 116.4069327 39.8732091, 116.4000516 39.8729688, 116.3997804 39.872961, 116.3996884 39.8729584, 116.399668 39.8733306, 116.3996611 39.8735649, 116.399493 39.8767131, 116.3994693 39.8771146, 116.3966403 39.877023, 116.396592 39.8776775, 116.3994283 39.8777704, 116.3993458 39.8792764, 116.3943327 39.8791901, 116.3943126 39.8795076, 116.394309 39.8795745, 116.3943049 39.8796488, 116.3943009 39.8797229, 116.3942677 39.8797741, 116.3942299 39.8807573, 116.3942113 39.8811817, 116.3941455 39.8826783))"
宋庆龄故居景区,3A,宋庆龄故居,museum,poi,1.0,0.0,OSM_MATCH,"POLYGON ((116.3756155 39.9439514, 116.3756893 39.9440537, 116.3757948 39.9442032, 116.3762033 39.9447787, 116.3763607 39.9450005, 116.3764575 39.9451366, 116.3765936 39.945328, 116.3772162 39.9450274, 116.3773247 39.944975, 116.3779439 39.9446879, 116.378226 39.9445491, 116.3773797 39.9432854, 116.3773129 39.9431974, 116.3772099 39.9432434, 116.3771695 39.9432651, 116.3771559 39.943273, 116.3760259 39.9437774, 116.3756155 39.9439514))"
定都阁景区,3A,定都阁,attraction,poi,1.0,0.03,OSM_MATCH,"POLYGON ((116.047149 39.9081026, 116.0471758 39.9082055, 116.0472161 39.9083248, 116.0472402 39.908438, 116.0472627 39.9085896, 116.0472776 39.9087008, 116.0472925 39.9088263, 116.0473284 39.9089056, 116.0474756 39.9089708, 116.0475593 39.9089876, 116.0476381 39.9089715, 116.0476858 39.9089062, 116.0477078 39.9087864, 116.0476774 39.9086335, 116.0476579 39.9084856, 116.0476606 39.908393, 116.0476858 39.9083206, 116.0477445 39.908222, 116.0478071 39.9081552, 116.0478511 39.9080988, 116.0479751 39.9080656, 116.0481607 39.9080028, 116.0482138 39.907973, 116.048246 39.9079298, 116.0481249 39.9077568, 116.0480382 39.9075905, 116.0479751 39.9073764, 116.0479606 39.9071709, 116.0479832 39.9070492, 116.0480502 39.907006, 116.0482085 39.9069731, 116.0484123 39.9069319, 116.0486215 39.9068826, 116.0487768 39.9068167, 116.0488978 39.9067653, 116.0490239 39.9067426, 116.0492304 39.9066603, 116.0492882 39.9066253, 116.0497237 39.9066406, 116.0497266 39.9065184, 116.0498245 39.9065101, 116.0498878 39.9064929, 116.0499278 39.9064772, 116.049968 39.9064525, 116.050031 39.9064042, 116.0500766 39.9063795, 116.0501128 39.9063744, 116.0501437 39.9063558, 116.0501692 39.9063239, 116.0501692 39.9062828, 116.0501612 39.9062452, 116.0500927 39.9061779, 116.0500431 39.9061511, 116.0499895 39.9061316, 116.0499358 39.9061069, 116.0498688 39.9060822, 116.0497521 39.9060575, 116.0496394 39.9060328, 116.0495616 39.9060143, 116.049504 39.9059783, 116.0494562 39.9059426, 116.0494529 39.9058842, 116.0494762 39.9057167, 116.0494232 39.9057148, 116.0493872 39.9057135, 116.0488312 39.905859, 116.0489871 39.9057233, 116.0491472 39.9055513, 116.0491731 39.9053396, 116.0491805 39.9051451, 116.0492599 39.905074, 116.0493952 39.9049755, 116.0494369 39.9048847, 116.0495147 39.9048045, 116.0496032 39.9046892, 116.0496595 39.9046357, 116.0497937 39.9046193, 116.0498902 39.9046543, 116.0499734 39.9047242, 116.050086 39.9047468, 116.0501075 39.9046604, 116.0500753 39.9045493, 116.049968 39.9044794, 116.0497722 39.9044053, 116.0495201 39.9043456, 116.0493967 39.90436, 116.0492545 39.9044341, 116.049107 39.9045473, 116.0489836 39.9046779, 116.0489286 39.9047252, 116.0488938 39.9047757, 116.0488254 39.9048487, 116.0487838 39.9048909, 116.0487516 39.9050308, 116.0487302 39.9051625, 116.0487114 39.9053137, 116.0486698 39.9054464, 116.0486189 39.9055452, 116.0485907 39.9055776, 116.0485484 39.9055843, 116.0484888 39.9055781, 116.0483104 39.9055709, 116.0481696 39.9055832, 116.0480341 39.9056038, 116.0479765 39.9056208, 116.0479242 39.9056625, 116.0478598 39.9057509, 116.0478061 39.9058209, 116.0477203 39.9059443, 116.0476667 39.9060081, 116.0475942 39.9060616, 116.0474762 39.9062036, 116.0474145 39.9063147, 116.0473663 39.9064484, 116.0473087 39.9065563, 116.0472536 39.9066459, 116.0472037 39.9068207, 116.0471927 39.9069845, 116.0471798 39.9071375, 116.0472135 39.907365, 116.0472232 39.9075344, 116.0472003 39.9076989, 116.0471597 39.9078722, 116.0471517 39.9080121, 116.047149 39.9081026))"
将府公园旅游景区,3A,将府公园,park,landuse,0.75,0.11,OSM_MATCH,"POLYGON ((116.5036905 39.9637958, 116.5037551 39.9681007, 116.5038299 39.9730832, 116.5039158 39.9738972, 116.5041056 39.9743093, 116.5046914 39.9749898, 116.5051981 39.975385, 116.5057135 39.9753393, 116.5057797 39.9755709, 116.5056968 39.9757553, 116.5055871 39.9758501, 116.5063188 39.9762616, 116.5065516 39.9759535, 116.5064165 39.975097, 116.5065724 39.9750761, 116.506397 39.9733464, 116.5065349 39.97302, 116.5065885 39.9730537, 116.5078582 39.9738512, 116.5094188 39.9724693, 116.510099 39.9729021, 116.5094381 39.973501, 116.5098144 39.9737155, 116.5088806 39.9744766, 116.510117 39.975281, 116.5118234 39.9762733, 116.5123417 39.9754766, 116.5127393 39.9749664, 116.5134353 39.9744977, 116.5142576 39.9736805, 116.5146224 39.97307, 116.5149751 39.9725375, 116.5156129 39.9716725, 116.5082273 39.9691391, 116.5082752 39.9685846, 116.508277 39.9685602, 116.5083455 39.9676089, 116.5074371 39.9675534, 116.5075944 39.9661011, 116.5084834 39.9661524, 116.5086038 39.9647799, 116.508635 39.9644192, 116.5076649 39.9643216, 116.5065107 39.9642054, 116.5036905 39.9637958))"
延庆区八达岭野生动物世界景区,3A,八达岭野生动物世界,zoo,poi,0.84,0.0,OSM_MATCH,"POLYGON ((115.9811093 40.3540912, 115.9811093 40.3542194, 115.9812611 40.354482, 115.9812878 40.3547805, 115.9820308 40.355299, 115.9824305 40.3556694, 115.9829854 40.3566344, 115.9830936 40.356791, 115.9834925 40.3571868, 115.9838205 40.357373, 115.9844708 40.3575735, 115.9849426 40.3575148, 115.9854101 40.3571898, 115.9855478 40.3570524, 115.9860254 40.3568618, 115.9862061 40.3568643, 115.9865809 40.3570674, 115.9870448 40.3574249, 115.9873693 40.3576142, 115.9876318 40.3579862, 115.9878718 40.358141, 115.9878882 40.3582926, 115.9872364 40.3585739, 115.9867771 40.3588817, 115.9862718 40.359254, 115.9857961 40.359767, 115.9860885 40.3601104, 115.9864619 40.3601583, 115.9870134 40.3602694, 115.9875241 40.3604758, 115.9883344 40.3605633, 115.9886184 40.3605477, 115.9893999 40.3606086, 115.989642 40.3605398, 115.9900994 40.3606024, 115.9904768 40.3601772, 115.9907743 40.3599693, 115.9910286 40.3595538, 115.9915127 40.3589802, 115.9916891 40.3586658, 115.9917014 40.3584251, 115.9917876 40.3581516, 115.9920194 40.3576727, 115.9920214 40.3575008, 115.9919373 40.3572835, 115.9914614 40.3570038, 115.9911845 40.3569115, 115.9909773 40.3567162, 115.991147 40.3563285, 115.9912249 40.356266, 115.9917972 40.3562081, 115.9918875 40.3561081, 115.9919141 40.3555094, 115.9920208 40.3553531, 115.992189 40.3553078, 115.9926259 40.3550874, 115.9930546 40.3551108, 115.99335 40.3550733, 115.9934854 40.3548451, 115.9937797 40.35458, 115.9941763 40.3543433, 115.9944102 40.3542448, 115.9946994 40.3539822, 115.9950215 40.3537821, 115.9950215 40.3536868, 115.9951035 40.3535899, 115.9954994 40.3533085, 115.9957839 40.3527844, 115.9959767 40.3527079, 115.9967446 40.3521826, 115.9974872 40.3523061, 115.9976964 40.352131, 115.9981669 40.3514256, 115.9983904 40.3513287, 115.9988725 40.3510192, 115.9995816 40.3509426, 116.0000062 40.3507566, 116.0006072 40.3502892, 116.0008196 40.3502923, 116.0010165 40.3502047, 116.0016543 40.3496866, 116.0016036 40.3492211, 116.0017382 40.3490403, 116.001692 40.3487988, 116.0019313 40.3482666, 116.0026309 40.3478695, 116.0021658 40.3463982, 116.0013598 40.3447242, 116.0000722 40.3430529, 115.9986926 40.3424985, 115.9977916 40.3421835, 115.996979 40.3410336, 115.9967857 40.3397467, 115.9964491 40.3385651, 115.9940128 40.3378994, 115.9934059 40.3379246, 115.9931343 40.3380147, 115.9927486 40.3379707, 115.9921465 40.3378201, 115.9920177 40.3375554, 115.9915638 40.3364013, 115.9897183 40.3362629, 115.9883266 40.3360163, 115.9868827 40.3352769, 115.9855622 40.3351359, 115.9856428 40.3352868, 115.9857495 40.3357204, 115.9856346 40.3359189, 115.9857474 40.3360831, 115.9857331 40.3362317, 115.985448 40.3364693, 115.9852941 40.3367164, 115.9852469 40.3368711, 115.9854151 40.3371072, 115.9852408 40.3373902, 115.9851505 40.3377686, 115.9849598 40.3381517, 115.9850316 40.3383237, 115.984931 40.3384669, 115.9849167 40.3385779, 115.9849413 40.3388374, 115.9849064 40.3390032, 115.9850028 40.3391658, 115.9850213 40.3394066, 115.9852264 40.3396583, 115.9853515 40.3397318, 115.9856285 40.3399223, 115.9857372 40.34026, 115.985971 40.3405834, 115.98593 40.3412098, 115.9858131 40.34146, 115.9856244 40.3415726, 115.9852695 40.3415444, 115.9851423 40.3416882, 115.985089 40.3420609, 115.9851485 40.342261, 115.9850541 40.3425002, 115.9848818 40.3426972, 115.9848346 40.3428374, 115.9848428 40.3430453, 115.9849803 40.3432829, 115.9849372 40.3433627, 115.9847687 40.3434862, 115.9849228 40.3436965, 115.9850316 40.3437653, 115.9853987 40.3442344, 115.9859238 40.3442922, 115.986453 40.3445502, 115.986635 40.3445001, 115.9869037 40.3445298, 115.9876093 40.3449989, 115.9877406 40.345002, 115.9881222 40.3448785, 115.9884463 40.3450567, 115.9892189 40.3451975, 115.9897887 40.3452427, 115.9903549 40.3451739, 115.9905313 40.3452865, 115.9905518 40.3455132, 115.9904882 40.345668, 115.9905169 40.3457508, 115.9905178 40.3460714, 115.9905097 40.3461386, 115.9902857 40.3464286, 115.9903044 40.3465149, 115.9904596 40.3467554, 115.9904861 40.3469643, 115.9904061 40.3471371, 115.9903918 40.347431, 115.9902851 40.3475139, 115.9901067 40.3476608, 115.9899549 40.3476155, 115.9898523 40.3476402, 115.9896574 40.3477887, 115.989481 40.3479763, 115.9892985 40.348031, 115.9887857 40.3483218, 115.9887569 40.3483999, 115.9888903 40.3487078, 115.9889087 40.349133, 115.9887364 40.3493847, 115.9880985 40.3498615, 115.9877457 40.3498959, 115.9874023 40.3502128, 115.9868493 40.350334, 115.9864787 40.3506572, 115.9862145 40.3513992, 115.9856381 40.35164, 115.9855355 40.3517603, 115.9849079 40.3516572, 115.9847889 40.3517369, 115.9843868 40.3523653, 115.9842145 40.3525185, 115.9833953 40.3527952, 115.9830158 40.3528077, 115.982866 40.3528483, 115.9823031 40.3535471, 115.9818314 40.3534017, 115.9816467 40.353408, 115.9814683 40.3535471, 115.9812037 40.3538753, 115.9811093 40.3540912))"
恭王府景区,5A,恭王府,museum,poi,1.0,0.0,OSM_MATCH,"POLYGON ((116.3784474 39.9372193, 116.3806452 39.937428, 116.3808797 39.9366845, 116.3809215 39.9362582, 116.3808525 39.9361016, 116.3811538 39.9343239, 116.3810988 39.9343194, 116.380613 39.9343108, 116.3803011 39.9342697, 116.379987 39.9342283, 116.3798558 39.9342563, 116.3797671 39.9343343, 116.3795834 39.9345096, 116.3788728 39.9360004, 116.3786488 39.9366423, 116.3784474 39.9372193))"
抗日战争纪念雕塑园,3A,中国人民抗日战争纪念雕塑园,park,landuse,0.8,0.0,OSM_MATCH,"POLYGON ((116.2175044 39.8480001, 116.2240812 39.8490957, 116.2242741 39.8483914, 116.2243529 39.8481812, 116.2240836 39.8481372, 116.224208 39.8478108, 116.2229802 39.8475048, 116.221937 39.847253, 116.2219968 39.8471222, 116.2217322 39.8470638, 116.2217552 39.8470007, 116.2218142 39.8470076, 116.2220123 39.8465897, 116.2219518 39.8465771, 116.221981 39.8464603, 116.2211012 39.8462722, 116.2204444 39.8461442, 116.2182769 39.8467646, 116.2177941 39.8470199, 116.2177088 39.8473085, 116.2176393 39.8475436, 116.2175163 39.8479598, 116.2175044 39.8480001))"
明十三陵景区,5A,明十三陵神道,park,landuse,0.75,1.76,OSM_MATCH,"POLYGON ((116.216374 40.2536127, 116.218327 40.257233, 116.2194222 40.2592126, 116.2200523 40.2602142, 116.2201586 40.2603438, 116.2208887 40.2613227, 116.221664 40.2623973, 116.2223203 40.2632554, 116.2226392 40.263708, 116.2230203 40.2640454, 116.2235318 40.264699, 116.2241754 40.2644395, 116.22447 40.2643207, 116.2238568 40.2629972, 116.2234934 40.2624066, 116.2231963 40.2619475, 116.2226885 40.2612803, 116.222122 40.2605014, 116.2216165 40.2597839, 116.2214343 40.2595691, 116.2215082 40.2595104, 116.2214739 40.2594499, 116.2213396 40.2592476, 116.2212579 40.2592752, 116.2208952 40.2586503, 116.2206804 40.2582984, 116.2204139 40.2578294, 116.2198932 40.2568609, 116.2195849 40.256308, 116.219251 40.255687, 116.2187025 40.2546755, 116.2180412 40.2534434, 116.2177026 40.2528562, 116.2169848 40.2530659, 116.2165468 40.2531939, 116.216374 40.2536127))"
明城墙遗址公园,4A,明城墙遗址公园,park,landuse,1.0,0.0,OSM_MATCH,"POLYGON ((116.4136174 39.8997439, 116.4136215 39.8998049, 116.4136889 39.8998961, 116.4138481 39.8999563, 116.4140958 39.9000647, 116.4144702 39.9001921, 116.4144882 39.9001374, 116.4145705 39.8999371, 116.4146666 39.8997795, 116.415 39.899783, 116.415006 39.8996473, 116.4151352 39.8996507, 116.4151294 39.8997794, 116.4161836 39.899808, 116.4161896 39.8996796, 116.4163401 39.8996838, 116.4163341 39.8998111, 116.4173193 39.8998391, 116.417325 39.8997215, 116.4174736 39.8997258, 116.4174675 39.8998489, 116.4180539 39.8998663, 116.4180792 39.8998671, 116.4184757 39.8998789, 116.4184822 39.8997509, 116.4186167 39.899755, 116.4186102 39.8998797, 116.4191254 39.8998956, 116.4195983 39.8999102, 116.4196051 39.8997806, 116.4197566 39.8997853, 116.4197511 39.8998894, 116.4207361 39.8999202, 116.4207471 39.8997129, 116.4211668 39.899726, 116.4211553 39.8999432, 116.4220987 39.8999724, 116.4221059 39.8998345, 116.4223311 39.8998413, 116.4223242 39.8999754, 116.4227054 39.8999867, 116.4232371 39.9000025, 116.4232435 39.8998733, 116.4234774 39.89988, 116.4234712 39.9000089, 116.423921 39.9000214, 116.4243738 39.900034, 116.4243801 39.8998997, 116.4246061 39.8999058, 116.4246002 39.9000367, 116.4254978 39.90006, 116.4255043 39.8999116, 116.425766 39.8999182, 116.4257597 39.9000659, 116.4266621 39.9000883, 116.426667 39.8999695, 116.4268692 39.8999745, 116.4268639 39.9001047, 116.4274022 39.9001178, 116.4274169 39.8997585, 116.4271207 39.8996925, 116.4269777 39.8995496, 116.4154017 39.8992435, 116.4149117 39.8992561, 116.4146173 39.8993547, 116.4139909 39.8995192, 116.4138442 39.8995714, 116.4137201 39.89964, 116.4136464 39.8996966, 116.4136174 39.8997439))"
朝阳公园景区,4A,朝阳公园,park,landuse,1.0,0.0,OSM_MATCH,"POLYGON ((116.467934 39.9451761, 116.4682881 39.9452398, 116.4688379 39.9454372, 116.4688594 39.9454002, 116.4695233 39.9456268, 116.4695255 39.9457709, 116.4694843 39.9458835, 116.46933 39.945826, 116.4692161 39.9458156, 116.468787 39.9457395, 116.4684088 39.9457087, 116.4683027 39.9462064, 116.4682747 39.9462865, 116.4683 39.9462989, 116.4694338 39.9466111, 116.4704568 39.9470042, 116.4707093 39.9469533, 116.4706806 39.947037, 116.4706803 39.9470633, 116.4706946 39.9471702, 116.4707593 39.9472409, 116.4709547 39.9472771, 116.4709942 39.9472232, 116.4710799 39.9472274, 116.4711391 39.9472745, 116.4711073 39.9473427, 116.4714212 39.9473764, 116.4716795 39.9474154, 116.4718819 39.9474829, 116.4720963 39.9475758, 116.4723345 39.9476011, 116.472587 39.9476743, 116.4727441 39.94783, 116.4727737 39.947825, 116.4728038 39.9478272, 116.4728315 39.9478366, 116.472854 39.9478522, 116.472869 39.9478723, 116.4728751 39.9478973, 116.4728698 39.9479223, 116.4728536 39.9479445, 116.4728285 39.9479611, 116.4728472 39.948127, 116.4727319 39.9482751, 116.4725629 39.9483492, 116.4724004 39.9486271, 116.4722786 39.9487582, 116.4723016 39.9488718, 116.4723949 39.9489635, 116.4724374 39.9489678, 116.4725442 39.948977, 116.4725926 39.9489498, 116.4724481 39.9494574, 116.4722605 39.9499475, 116.4722094 39.9499817, 116.4721852 39.9500372, 116.4720913 39.9500186, 116.4720331 39.9501089, 116.4719733 39.9502016, 116.4718257 39.9504196, 116.4716283 39.9507035, 116.4734333 39.9516488, 116.4735355 39.9515275, 116.4740771 39.9517037, 116.4742238 39.9516637, 116.4735951 39.9520769, 116.4728238 39.9531999, 116.4729174 39.9532467, 116.4732796 39.9533661, 116.4745721 39.9537921, 116.4748058 39.9538677, 116.4748728 39.9538923, 116.4752966 39.954026, 116.4753637 39.9540507, 116.475656 39.9541494, 116.4757365 39.954174, 116.475994 39.9542522, 116.4762324 39.9543284, 116.4764463 39.9543967, 116.476863 39.9545359, 116.4769157 39.9545509, 116.4773995 39.9547004, 116.4774665 39.954725, 116.4775218 39.9547436, 116.4779567 39.9548897, 116.478092 39.954654, 116.4786212 39.954828, 116.4784837 39.9550577, 116.4789712 39.9552431, 116.4809337 39.9560403, 116.4810258 39.9558785, 116.4810811 39.955728, 116.4812028 39.9555125, 116.4825452 39.9526506, 116.4825654 39.9520665, 116.4825671 39.9519561, 116.4825948 39.9514846, 116.4826404 39.9512276, 116.4827021 39.9503908, 116.4828148 39.9503085, 116.4828979 39.9493421, 116.4828806 39.9492933, 116.4828979 39.9492496, 116.483016 39.9479027, 116.4830178 39.9478258, 116.4830186 39.9477896, 116.4830723 39.9469918, 116.4830911 39.9465518, 116.4831461 39.9456134, 116.4831662 39.9452707, 116.4832386 39.9449973, 116.4832353 39.9448656, 116.4832198 39.9442426, 116.4831756 39.9433647, 116.4831809 39.9432865, 116.4831814 39.9432597, 116.4831947 39.9426116, 116.4831908 39.9423959, 116.4831867 39.9421729, 116.4831715 39.9416022, 116.4831759 39.9413139, 116.4831905 39.9402978, 116.4831769 39.9400393, 116.4831743 39.9393421, 116.4831769 39.938756, 116.4831777 39.9386608, 116.4831733 39.9376871, 116.4822372 39.937683, 116.4818237 39.9376743, 116.4814509 39.93752, 116.4791923 39.9375366, 116.4791911 39.9375056, 116.4787821 39.9375056, 116.4785286 39.9375056, 116.4783811 39.9373349, 116.4780578 39.9373542, 116.4779798 39.9372619, 116.4778508 39.9369462, 116.4777884 39.9366996, 116.477806 39.9364428, 116.4778809 39.9361032, 116.4781073 39.9361304, 116.4781066 39.9360994, 116.4782123 39.936099, 116.4782148 39.9360763, 116.4785112 39.9360722, 116.47853 39.936031, 116.4786185 39.9360269, 116.4786399 39.9359693, 116.4785903 39.9343487, 116.4785233 39.9343487, 116.4785152 39.934252, 116.4783221 39.9342726, 116.4783087 39.9341862, 116.4782961 39.934105, 116.4782872 39.9339415, 116.4773096 39.9339353, 116.4773024 39.9329999, 116.4772627 39.9330015, 116.4770749 39.9330036, 116.4770856 39.9329748, 116.4770722 39.9328987, 116.4769918 39.9328473, 116.4769318 39.9328273, 116.4768335 39.932837, 116.4767665 39.9328617, 116.4767477 39.932872, 116.4766833 39.9329255, 116.4766431 39.9329645, 116.4765948 39.9329913, 116.4765143 39.9330016, 116.4764687 39.9330365, 116.4764392 39.9330694, 116.4764392 39.9330982, 116.476348 39.9330838, 116.47622 39.9330708, 116.4761469 39.9330633, 116.4759055 39.933053, 116.4758652 39.9330571, 116.4757865 39.9330144, 116.4754916 39.9330185, 116.475494 39.9330659, 116.4754656 39.9330345, 116.4752313 39.9331625, 116.475023 39.9331579, 116.4750221 39.9330987, 116.4750677 39.9330987, 116.475057 39.9328992, 116.4746331 39.9328953, 116.4733634 39.9328835, 116.473014 39.9328802, 116.4729229 39.9329008, 116.4728078 39.9329504, 116.4727271 39.9329563, 116.4727261 39.9328183, 116.4727337 39.9327774, 116.4721959 39.9327774, 116.4722013 39.9328288, 116.4710453 39.9328185, 116.4710238 39.9328864, 116.4685979 39.9328803, 116.4684653 39.9337675, 116.4684249 39.9340381, 116.4683912 39.9340587, 116.4683089 39.9340742, 116.4682952 39.9343228, 116.4683226 39.9343232, 116.4683184 39.9344741, 116.4682827 39.9344753, 116.4682771 39.9346502, 116.4684702 39.9348677, 116.4684976 39.9348525, 116.4687507 39.9351069, 116.4687762 39.9351323, 116.4687996 39.9351558, 116.468921 39.9352762, 116.4688798 39.9353241, 116.4686876 39.9354058, 116.4687288 39.9354468, 116.4687681 39.935486, 116.4689372 39.9354342, 116.4689961 39.9354161, 116.4690873 39.9355847, 116.4691356 39.9357246, 116.469149 39.9358356, 116.4692429 39.9358254, 116.4694109 39.9358258, 116.4699858 39.9358274, 116.4701146 39.9358315, 116.4702692 39.9358403, 116.4704623 39.9358156, 116.4708736 39.9357225, 116.4708871 39.9357472, 116.4710721 39.9357122, 116.4710439 39.9356835, 116.4710544 39.9355588, 116.4710708 39.9354643, 116.4714624 39.9354713, 116.4718567 39.9357284, 116.4719649 39.9360581, 116.4719228 39.9364194, 116.4717433 39.936871, 116.4716101 39.9370073, 116.4715617 39.9370361, 116.4706017 39.9368444, 116.4704088 39.9368399, 116.4703968 39.9368396, 116.4699001 39.9369753, 116.4698305 39.9371953, 116.469773 39.9371832, 116.4697309 39.9371847, 116.469629 39.9376269, 116.4708092 39.9375035, 116.4709218 39.9381863, 116.4690716 39.9383752, 116.468938 39.9383748, 116.4689478 39.9383138, 116.4689612 39.9381699, 116.4690268 39.9381706, 116.4690408 39.93794, 116.4690444 39.9378943, 116.4688137 39.9378881, 116.4686796 39.9396032, 116.4686331 39.9402679, 116.4686314 39.9402926, 116.4686284 39.9403461, 116.4685508 39.941709, 116.4685276 39.9419092, 116.468879 39.9418663, 116.4702672 39.9419023, 116.4709144 39.9418247, 116.4714146 39.9417026, 116.4715695 39.9416227, 116.4719103 39.9414233, 116.4722147 39.9412649, 116.4725107 39.941171, 116.4729094 39.94116, 116.473352 39.9412875, 116.4734378 39.9412114, 116.4735853 39.9411333, 116.4736829 39.9411098, 116.4737281 39.9411082, 116.4738805 39.9411072, 116.4740224 39.9411084, 116.4740252 39.9410115, 116.4742181 39.9410007, 116.4743639 39.9410812, 116.4744912 39.9410954, 116.4746061 39.9410764, 116.4747396 39.9409972, 116.4749433 39.9409958, 116.4749445 39.9410999, 116.4750607 39.9410991, 116.4752166 39.9410981, 116.4752426 39.9412668, 116.4754268 39.9412682, 116.4754393 39.9414597, 116.4751249 39.9414829, 116.4748647 39.9415528, 116.4748862 39.941596, 116.4748647 39.9416454, 116.4748835 39.9418675, 116.4748647 39.9419641, 116.4748111 39.9420155, 116.474736 39.9420422, 116.4745965 39.9420422, 116.4741057 39.9424268, 116.4740131 39.9424515, 116.4735102 39.9424618, 116.4734432 39.9419929, 116.4733841 39.9419703, 116.4733493 39.9416536, 116.4734512 39.9414623, 116.4732018 39.9413698, 116.4729671 39.941304, 116.4728155 39.9412937, 116.4727141 39.941294, 116.4725694 39.9412921, 116.4723035 39.9413702, 116.4720575 39.9414584, 116.4717752 39.9416478, 116.4714494 39.9418186, 116.4713443 39.9418544, 116.4712804 39.9418762, 116.4707076 39.9419597, 116.4706657 39.9419625, 116.470636 39.94196, 116.469923 39.9419958, 116.4692129 39.9419626, 116.4689837 39.9419805, 116.4685088 39.9420118, 116.4684518 39.9425174, 116.4684329 39.942614, 116.4683313 39.9434619, 116.4682866 39.9438354, 116.4683444 39.9438416, 116.468333 39.9439552, 116.4683081 39.9439523, 116.4683062 39.9439907, 116.4682893 39.9440493, 116.46839 39.9440822, 116.4684624 39.9441645, 116.4684436 39.9442961, 116.4684624 39.9443475, 116.4684985 39.9443845, 116.468846 39.9444523, 116.4689372 39.9444935, 116.4688192 39.9448431, 116.4684356 39.9447793, 116.4681968 39.9448271, 116.4680386 39.9448102, 116.467934 39.9451761))"
潭柘寺景区,4A,潭柘寺,park,landuse,1.0,0.0,OSM_MATCH,"POLYGON ((116.022394 39.904367, 116.0229838 39.9048962, 116.0240251 39.9050593, 116.0254792 39.9048989, 116.0265088 39.9047363, 116.0263825 39.9037797, 116.026282 39.9019071, 116.0260013 39.9006433, 116.025653 39.8999434, 116.0253741 39.8994982, 116.0238837 39.8991749, 116.0233348 39.9003515, 116.0235401 39.9005323, 116.0239722 39.9009362, 116.0240747 39.9010923, 116.0240977 39.9012298, 116.0240853 39.9013405, 116.0240172 39.901393, 116.0239185 39.9014499, 116.0237707 39.9015106, 116.0234273 39.9015988, 116.0231077 39.9016493, 116.022784 39.9016565, 116.022394 39.904367))"
碓臼石景区,3A,碓臼石景区,park,landuse,1.0,0.47,OSM_MATCH,"POLYGON ((116.0852047 40.3720404, 116.0853886 40.372592, 116.0857564 40.3727, 116.086151 40.3726008, 116.0867181 40.372271, 116.0875572 40.3719265, 116.0884844 40.3718798, 116.0897488 40.3720875, 116.0903034 40.3720875, 116.0910177 40.3720123, 116.0911397 40.3716407, 116.0909335 40.3710832, 116.0906751 40.3706894, 116.0905212 40.3701961, 116.0905212 40.3698952, 116.0907832 40.3693891, 116.0911374 40.3692852, 116.0913842 40.3692741, 116.0917065 40.3693316, 116.0919533 40.3694533, 116.0924702 40.3697143, 116.092746 40.3697542, 116.0932372 40.3697948, 116.0937412 40.3697093, 116.0941087 40.3696154, 116.0942077 40.3694863, 116.0941549 40.369265, 116.0941857 40.3690454, 116.0946082 40.3687201, 116.0947975 40.3686413, 116.0949559 40.3685709, 116.095187 40.3686547, 116.0952948 40.368638, 116.095484 40.3685223, 116.0956271 40.3684016, 116.0957745 40.3682289, 116.0958647 40.368083, 116.095796 40.3679094, 116.0957537 40.3676179, 116.09452 40.3675274, 116.0914273 40.3672466, 116.0903592 40.3674144, 116.0886985 40.3676508, 116.0876136 40.3680326, 116.0866955 40.3696848, 116.0864503 40.3702219, 116.0859598 40.3708408, 116.0852047 40.3720404))"
紫竹院公园景区,4A,紫竹院公园,park,landuse,1.0,0.0,OSM_MATCH,"POLYGON ((116.3074902 39.9415455, 116.3075906 39.9421619, 116.3076081 39.9422694, 116.3077819 39.9422628, 116.3077788 39.9420708, 116.3089171 39.9420147, 116.3092391 39.9423615, 116.3097461 39.9424671, 116.3100244 39.942518, 116.3109663 39.94293, 116.311162 39.9433615, 116.3112409 39.9435355, 116.3119942 39.9435801, 116.3119439 39.9444274, 116.3121874 39.9444469, 116.314641 39.9446437, 116.3147256 39.9441565, 116.3154176 39.9442173, 116.316056 39.9407716, 116.3161391 39.9402491, 116.3172795 39.9401536, 116.3184318 39.9403126, 116.3184635 39.9401972, 116.3188063 39.9402479, 116.3189167 39.9392646, 116.3185083 39.9392433, 116.3185145 39.9391204, 116.3185327 39.9389625, 116.3188828 39.9389765, 116.3190149 39.9380891, 116.318901 39.9379826, 116.314181 39.9382596, 116.3126324 39.9384097, 116.3117597 39.938544, 116.3101374 39.939036, 116.3092579 39.9393915, 116.3087194 39.9396092, 116.3086004 39.9398071, 116.30854 39.9402544, 116.3085436 39.9408773, 116.3086041 39.9415346, 116.3074902 39.9415455))"
莲花池公园景区,2A,莲花池公园,park,landuse,1.0,0.0,OSM_MATCH,"POLYGON ((116.3047397 39.8927221, 116.3047427 39.8930819, 116.3052439 39.89334, 116.3060475 39.8933374, 116.3060581 39.8932069, 116.3061966 39.8932006, 116.3062176 39.8930914, 116.3063098 39.8930914, 116.3063045 39.8931962, 116.3063652 39.8932038, 116.3064043 39.8938491, 116.3077256 39.8938611, 116.3084972 39.8937815, 116.3091731 39.893647, 116.3098278 39.8934907, 116.3110607 39.8931177, 116.3119691 39.8927543, 116.3125205 39.8925337, 116.3127417 39.8924434, 116.3129373 39.8921143, 116.3131952 39.8913992, 116.3135939 39.8913445, 116.3137837 39.8912898, 116.3140413 39.8907787, 116.3131576 39.890508, 116.3132085 39.8902147, 116.3133565 39.8899317, 116.3131347 39.889592, 116.3126884 39.8888676, 116.3120704 39.8886239, 116.3117443 39.8883956, 116.3119467 39.88804, 116.3114806 39.887833, 116.311199 39.8877394, 116.3110176 39.8877189, 116.3107285 39.887689, 116.3063487 39.8877778, 116.3064416 39.8884363, 116.3072844 39.8884169, 116.3073303 39.8886437, 116.3065146 39.8887398, 116.3055229 39.8888123, 116.3053965 39.8891003, 116.3051252 39.8895331, 116.304763 39.8898189, 116.3047397 39.8927221))"
谷山村景区,4A,谷山村,park,landuse,1.0,0.0,OSM_MATCH,"POLYGON ((116.0475763 39.9893561, 116.0479951 39.9895523, 116.0480398 39.9898296, 116.048365 39.9899261, 116.0484911 39.9904837, 116.0483041 39.9907983, 116.0475885 39.9916492, 116.0480317 39.9919108, 116.0485724 39.9920354, 116.0491253 39.9923157, 116.0495603 39.9926334, 116.0499262 39.9929044, 116.0502677 39.9930321, 116.0508816 39.9932283, 116.0513003 39.9933903, 116.0517963 39.9934806, 116.0525606 39.9935367, 116.0530769 39.9933124, 116.0535729 39.9932283, 116.0539469 39.993029, 116.0541746 39.9926957, 116.0544388 39.9926428, 116.0547031 39.9925618, 116.0550365 39.991832, 116.0552845 39.9917043, 116.0559959 39.991399, 116.0561707 39.9911374, 116.0561951 39.9908913, 116.0559959 39.9907138, 116.055878 39.9905113, 116.0556234 39.9905684, 116.0552198 39.990592, 116.0546405 39.9904858, 116.0542985 39.99033, 116.0535968 39.9898887, 116.0531211 39.9897174, 116.0526495 39.989652, 116.0515198 39.9894464, 116.0504506 39.9893094, 116.0499994 39.9891474, 116.0489789 39.9886522, 116.0487878 39.9885961, 116.0484911 39.9885774, 116.0482675 39.9886709, 116.0480113 39.9888172, 116.0475763 39.9893561))"
金中都公园景区,3A,金中都公园,park,landuse,1.0,0.0,OSM_MATCH,"POLYGON ((116.3427983 39.8694396, 116.3431388 39.8711417, 116.3433277 39.8726489, 116.3433854 39.8730737, 116.3434008 39.8733628, 116.3434635 39.8738492, 116.3435444 39.8743797, 116.3444842 39.8676889, 116.3441704 39.867561, 116.3434449 39.8680481, 116.3430972 39.8684503, 116.342919 39.8688116, 116.3427983 39.8694396))"
颐和园,5A,颐和园,park,landuse,1.0,0.0,OSM_MATCH,"POLYGON ((116.2547821 39.990963, 116.2555804 39.9922781, 116.2573193 39.9944408, 116.2576055 39.9943881, 116.2576875 39.9947785, 116.2588076 39.995875, 116.2597002 39.9967364, 116.2601637 39.997407, 116.2605156 39.9979133, 116.2607302 39.9989259, 116.2608332 39.9994979, 116.2610564 39.9998333, 116.2619833 40.0004447, 116.262789 40.0005398, 116.2635197 40.0006223, 116.2644209 40.0006223, 116.2651333 40.0008064, 116.2659916 40.000951, 116.2667298 40.0009905, 116.2679142 40.0010102, 116.26903 40.0011285, 116.2698623 40.0011293, 116.2741904 40.0005258, 116.2759256 40.0003334, 116.2761424 40.0003051, 116.2762752 40.0002844, 116.2764488 40.0001346, 116.2765549 40.0000251, 116.2765797 39.9999407, 116.2767508 39.9990037, 116.2770684 39.9973993, 116.2758026 39.9972672, 116.275823 39.9971599, 116.2757035 39.9971069, 116.2755611 39.996912, 116.2755965 39.9966755, 116.2756325 39.9964193, 116.2757301 39.9961775, 116.2760464 39.996171, 116.2760887 39.99592, 116.2757843 39.9958855, 116.2758014 39.9957121, 116.275561 39.9955817, 116.2754773 39.9942473, 116.2753281 39.9935871, 116.2744717 39.9898977, 116.2739395 39.9897727, 116.2735791 39.9892401, 116.2730727 39.9889113, 116.2726521 39.9885956, 116.2724547 39.9881024, 116.2720169 39.9861098, 116.2716736 39.9847288, 116.2714848 39.9842355, 116.2714419 39.9839922, 116.2715706 39.9837291, 116.2719569 39.9833148, 116.2725834 39.9826111, 116.273313 39.9816904, 116.2739052 39.9807038, 116.2746266 39.9793886, 116.2739692 39.9792274, 116.2737627 39.9793824, 116.2735758 39.9794631, 116.2731477 39.9795204, 116.2724613 39.9795673, 116.2717099 39.9796134, 116.2714877 39.9796021, 116.2712334 39.9795561, 116.270984 39.9795469, 116.2706608 39.9795726, 116.2702381 39.9796533, 116.2693047 39.9801119, 116.268249 39.9807301, 116.2678112 39.980717, 116.2674632 39.9807129, 116.2671539 39.9807508, 116.2666063 39.9809712, 116.2662258 39.9811893, 116.2651215 39.9811561, 116.2646915 39.9810708, 116.2644007 39.9810992, 116.2640418 39.981149, 116.2637263 39.9811822, 116.2634639 39.9813318, 116.2630474 39.981854, 116.2629342 39.9820288, 116.2627589 39.9821975, 116.2613824 39.9832696, 116.2611909 39.9832486, 116.2602993 39.9838381, 116.2596401 39.9842092, 116.2588823 39.9850695, 116.2587491 39.9853204, 116.2586375 39.9855305, 116.2583422 39.9856587, 116.258281 39.985709, 116.2582115 39.9859191, 116.2581639 39.9860901, 116.2582497 39.9863137, 116.2579579 39.9869253, 116.257563 39.9872212, 116.2566447 39.987596, 116.255958 39.9882405, 116.2553229 39.9890165, 116.2551223 39.9895642, 116.2549023 39.9902988, 116.2547986 39.9906032, 116.2547821 39.990963))"
首都博物馆,4A,首都博物馆,museum,poi,1.0,0.0,OSM_MATCH,"POLYGON ((116.3348822 39.9046212, 116.3348888 39.905427, 116.3368649 39.9054175, 116.3368583 39.9046117, 116.3348822 39.9046212))"
鹿世界主题园景区,2A,鹿世界主题公园,park,landuse,0.73,0.0,OSM_MATCH,"POLYGON ((116.6912083 40.2945242, 116.6912195 40.2950289, 116.6934463 40.2948889, 116.6934963 40.2957374, 116.6986188 40.2953563, 116.6985257 40.2939865, 116.6991824 40.29396, 116.6990751 40.293379, 116.6988069 40.2916687, 116.6935414 40.2919716, 116.6935302 40.2927585, 116.6928478 40.292756, 116.692467 40.2928325, 116.6925764 40.2944639, 116.6912083 40.2945242))"
龙门生态园景区,3A,龙门生态园天开寺景区,park,landuse,0.73,0.0,OSM_MATCH,"POLYGON ((115.8868516 39.6183269, 115.8869009 39.6185286, 115.8869571 39.618939, 115.8869469 39.6193033, 115.8869931 39.6195762, 115.8872057 39.6197186, 115.8877664 39.6197566, 115.8903975 39.6196978, 115.8912802 39.6196654, 115.8919373 39.6195953, 115.8923132 39.6195161, 115.8926868 39.6200359, 115.8932239 39.62025, 115.8935848 39.6202661, 115.8945234 39.6203219, 115.8948994 39.6200845, 115.8952239 39.6200503, 115.8959315 39.6200467, 115.8957603 39.6197905, 115.8954107 39.6196997, 115.8950936 39.619625, 115.8942317 39.6193902, 115.8941016 39.6190989, 115.8938902 39.6187075, 115.8938861 39.6185321, 115.8941138 39.6183818, 115.894191 39.6181031, 115.8941707 39.6178932, 115.8938455 39.6177461, 115.8937032 39.617602, 115.8937032 39.6174861, 115.893756 39.6173233, 115.8939065 39.6172168, 115.8943943 39.6171573, 115.8948334 39.6169224, 115.8952481 39.6166061, 115.8955936 39.6164558, 115.8954147 39.6161363, 115.8950814 39.6158294, 115.8950407 39.6153291, 115.8953497 39.6149564, 115.8957888 39.6142124, 115.8961872 39.6133417, 115.8959536 39.6131791, 115.8957239 39.6126271, 115.8960297 39.6125515, 115.8954904 39.6112494, 115.8951775 39.6113214, 115.8950887 39.6111181, 115.8949782 39.6111215, 115.8932367 39.6104663, 115.8930734 39.6104901, 115.8929317 39.6105494, 115.8914046 39.6127746, 115.8906805 39.614292, 115.8903971 39.6145033, 115.889415 39.6161267, 115.8891932 39.6162739, 115.889033 39.6163569, 115.888617 39.6165326, 115.8886324 39.6167106, 115.8882165 39.6174297, 115.8879022 39.6176481, 115.8877297 39.6178593, 115.8874924 39.6178949, 115.887135 39.6179186, 115.8869286 39.6181133, 115.8868516 39.6183269))"
